date,strategy_equity,benchmark_equity,strategy_drawdown
2021-06-01,1.0,1.0,0.0
2021-06-02,1.0,1.0034955175248212,0.0
2021-06-03,1.0,1.0013145687251919,0.0
2021-06-04,1.0,1.0111657421010867,0.0
2021-06-07,1.0,1.010869595467482,0.0
2021-06-08,1.0,1.0087865920779862,0.0
2021-06-09,1.0,1.0057814942427912,0.0
2021-06-10,1.0,1.0102436492330025,0.0
2021-06-11,1.0,1.011822267345238,0.0
2021-06-14,1.0,1.013485474789159,0.0
2021-06-15,1.0,1.0107446123504689,0.0
2021-06-16,1.0,1.0046166447656846,0.0
2021-06-17,1.0,1.0035678843668108,0.0
2021-06-18,1.0,0.9890935203991672,0.0
2021-06-21,1.0,1.0022656913005483,0.0
2021-06-22,0.9997226155667617,1.008046029847467,-0.00027738443323832573
2021-06-23,1.000837118125265,1.009302843271699,0.0
2021-06-24,1.0209710842819608,1.0189699157576395,0.0
2021-06-25,1.0223590699948422,1.0239982465421928,0.0
2021-06-28,1.0083283648138575,1.0241185152389636,-0.013723852600100117
2021-06-29,1.0104768387827454,1.024697831967462,-0.011622365919008004
2021-06-30,1.0075074121000285,1.0287001489339347,-0.014526851016139153
2021-07-01,1.008769066440543,1.032165934805744,-0.01329278915123977
2021-07-02,1.011900551328018,1.0383523505645678,-0.010229790074515632
2021-07-06,1.0146599001604728,1.0331608067667768,-0.0075307884092113975
2021-07-07,1.0182406380057536,1.0317375771650323,-0.004028361570763361
2021-07-08,1.0176337449524624,1.023943381595985,-0.0046219818271907576
2021-07-09,1.0118675145415135,1.0381157014329856,-0.01026210434400665
2021-07-12,1.01996815703364,1.0430424347984342,-0.0023386235143531
2021-07-13,1.0151257757413512,1.0397578627012238,-0.007075101562435848
2021-07-14,1.0132240001852446,1.0385857814832644,-0.008935285143646832
2021-07-15,1.0134557065899155,1.0328057838555609,-0.008708646175527801
2021-07-16,1.0083875087300098,1.0223681246327407,-0.013666002165856339
2021-07-19,1.0083369259481372,1.0070207695875355,-0.013715478698473116
2021-07-20,0.9859958319080833,1.0227932338540928,-0.03556797132629963
2021-07-21,0.9870792701006971,1.0355449577694242,-0.03450822800870057
2021-07-22,0.9784523121811772,1.0350611790544526,-0.042946513707641354
2021-07-23,0.976303652698193,1.0418270799133802,-0.04504818184562254
2021-07-26,0.976784091931114,1.0463007104558428,-0.04457824985497316
2021-07-27,0.977128461597464,1.0407787513601163,-0.04424141157920802
2021-07-28,0.9781832545290889,1.0434041198514352,-0.04320968704857886
2021-07-29,0.9746348097296499,1.0500379413613248,-0.04668052709253423
2021-07-30,0.9804257965528775,1.0435068020522733,-0.04101618958804387
2021-08-02,0.9872160432536269,1.0416731250291105,-0.034374446094944444
2021-08-03,0.99492923722721,1.050737573246097,-0.026829940255501894
2021-08-04,0.9990971381358111,1.0458408926977087,-0.022753191654228067
2021-08-05,0.9885872093745299,1.0542323886232352,-0.03303326748055613
2021-08-06,0.9863190828898943,1.0576040402379043,-0.03525178986784916
2021-08-09,0.9926910049760317,1.0552513350464285,-0.029019222198478856
2021-08-10,1.0031688316362073,1.0575161502297563,-0.018770546397883114
2021-08-11,1.0035678495228118,1.0595574156657745,-0.018380255062563466
2021-08-12,1.0081927606132266,1.060910994801681,-0.013856491126632231
2021-08-13,1.0007920210996593,1.061755672659206,-0.021095375908673386
2021-08-16,0.9997338749263135,1.0616546810128047,-0.022130380345373957
2021-08-17,0.9875613464045336,1.052304496096099,-0.03403669475000015
2021-08-18,0.9868935614375705,1.0406941692012999,-0.034689875209353405
2021-08-19,0.9927173595142815,1.0385834125366176,-0.02899344403596882
2021-08-20,0.9940813255321003,1.0449526639418407,-0.027659308057867094
2021-08-23,1.000310465540941,1.057110603522282,-0.02156639981099051
2021-08-24,0.9974755484403658,1.0588529740296087,-0.024339317060689702
2021-08-25,0.9977673468650665,1.0626523628851063,-0.024053900289552566
2021-08-26,0.9934073709115937,1.0550478278298927,-0.028318523239975302
2021-08-27,1.0013784234725327,1.0659776276600523,-0.020521798199937047
2021-08-30,0.992573590327861,1.0664505629003034,-0.02913406897943549
2021-08-31,0.9926895106183771,1.0635954181800258,-0.029020683874418807
2021-09-01,1.0019802758152554,1.0618074428940492,-0.019933108413357714
2021-09-02,0.9977059395576597,1.0650629839789991,-0.024113964614513428
2021-09-03,1.0026417038578594,1.0637657869840236,-0.019286145851948322
2021-09-07,1.0115961337458337,1.0609063127958491,-0.010527550021210086
2021-09-08,1.006372538546568,1.0582146144293547,-0.015636904799362528
2021-09-09,1.0166347205660111,1.054276986401879,-0.005599157474936778
2021-09-10,1.0202188270961128,1.050023247460124,-0.002093435625059037
2021-09-13,1.0160759177500462,1.0550398208374265,-0.006145739231156466
2021-09-14,1.0215546936551203,1.047009685352638,-0.0007867845684842445
2021-09-15,1.0180961413537701,1.0545122331222463,-0.0041696980700660635
2021-09-16,1.0212500452927822,1.0534182504282075,-0.0010847702481532329
2021-09-17,1.0254385990997315,1.0471644411549716,0.0
2021-09-20,1.0214835081126872,1.028072746342234,-0.003856974947614167
2021-09-21,1.0283698682285978,1.030079839931757,0.0
2021-09-22,1.0178983417475815,1.0428646890242885,-0.010182646151480346
2021-09-23,1.006769928402032,1.0594225525357952,-0.02100405748349321
2021-09-24,1.0111208069170863,1.0628129106531248,-0.016773207621518127
2021-09-27,1.0104309369711555,1.0651093298517247,-0.017444045971847344
2021-09-28,1.0095718082439256,1.045978912025152,-0.018279473723838757
2021-09-29,1.0127590312374477,1.0475226910042836,-0.015180177359766733
2021-09-30,1.0083016211703122,1.0366815469068509,-0.019514619864206884
2021-10-01,1.00544419888961,1.0512436300575958,-0.022293213801059863
2021-10-04,1.0162925163871168,1.0395336660195371,-0.011744171250646085
2021-10-05,1.0050888853996236,1.0500511841643865,-0.02263872517878851
2021-10-06,1.0024661138302204,1.0533512017657787,-0.0251891417656932
2021-10-07,1.001985899211505,1.064414831686211,-0.02565610859693912
2021-10-08,1.005455124616316,1.0662712466831583,-0.022282589484805992
2021-10-11,1.0061567532730393,1.0578190975040414,-0.021600316813853437
2021-10-12,1.0116178088041106,1.0541671452753079,-0.01628991663606716
2021-10-13,1.0066218422147015,1.055334012516422,-0.021148058384244495
2021-10-14,1.008910173821457,1.0703820635892953,-0.018922855490370205
2021-10-15,1.0152734866276585,1.0812892935965581,-0.012735088809533335
2021-10-18,1.0177442196205557,1.0839158437090808,-0.010332516477116416
2021-10-19,1.022131799784902,1.0916187440228442,-0.006065977462409555
2021-10-20,1.0236533896972648,1.094112731778579,-0.004586363989307896
2021-10-21,1.0321444864443978,1.0946960682455367,0.0
2021-10-22,1.0356016347070347,1.0944856266440135,0.0
2021-10-25,1.0324455547280575,1.1013480312329378,-0.003047581109574038
2021-10-26,1.035635637325793,1.1039778604951813,0.0
2021-10-27,1.0352796765715662,1.0921417532450677,-0.0003437123457299407
2021-10-28,1.0387029622659174,1.10346358307325,0.0
2021-10-29,1.0418542498262018,1.1070437421437112,0.0
2021-11-01,1.0454444858279262,1.1128438024371885,0.0
2021-11-02,1.0505623072239485,1.1168187534213005,0.0
2021-11-03,1.0550083112965587,1.1249013230177753,0.0
2021-11-04,1.0580517932139788,1.134744218120998,0.0
2021-11-05,1.0729392205556891,1.1421986324326314,0.0
2021-11-08,1.0716301491883347,1.146863220261863,-0.0012200797046793
2021-11-09,1.066253792756016,1.1397218010613908,-0.0062309473561891204
2021-11-10,1.054413934294705,1.1299268816352381,-0.01726592327512244
2021-11-11,1.0570272772428557,1.1312436854317975,-0.01483023735919764
2021-11-12,1.0556317610252877,1.1391536147162142,-0.01613088532772411
2021-11-15,1.054307203369388,1.139757035844893,-0.017365398551328237
2021-11-16,1.0430310280650845,1.1451333400207029,-0.027875010921042498
2021-11-17,1.0473182320890777,1.139590738287131,-0.023879254272522576
2021-11-18,1.0484877656289748,1.1399244305217302,-0.0227892265081433
2021-11-19,1.0535780842794422,1.1340029438494992,-0.018044951573509938
2021-11-22,1.0465719413123704,1.1343986342894734,-0.024574811637198546
2021-11-23,1.0403062835623882,1.1393256837499446,-0.030414525229490508
2021-11-24,1.0372936132048263,1.1433838648627055,-0.0332223919751965
2021-11-26,1.0384096547511372,1.1160541323151372,-0.03218221977817959
2021-11-29,1.0347761778301405,1.1270315055963211,-0.03556869018711373
2021-11-30,1.0416409562982911,1.105321981339279,-0.02917058455667998
2021-12-01,1.0512553525860315,1.0909434936309395,-0.020209782207818994
2021-12-02,1.0352929119785612,1.1085621087173838,-0.03508708401733174
2021-12-03,1.0347066444281723,1.0981721509939266,-0.03563349665577109
2021-12-06,1.0341311983806023,1.1119315321872016,-0.03616982344534636
2021-12-07,1.03220486404553,1.1344874833164504,-0.03796520411385684
2021-12-08,1.0334432920691337,1.1350390412501565,-0.03681096536493467
2021-12-09,1.0333117985165738,1.1272261137296917,-0.03693351988623528
2021-12-10,1.046020476529708,1.1421752424719194,-0.025088787426411185
2021-12-13,1.027461174151965,1.1286851404360938,-0.04238641437692103
2021-12-14,1.0210843130067684,1.1241441213803745,-0.04832977167342656
2021-12-15,1.0309957559700058,1.1441773611975472,-0.0390921161069685
2021-12-16,1.0388301859973403,1.136630717689372,-0.03179027656448541
2021-12-17,1.0309873361608721,1.1193113123582816,-0.039099963531102566
2021-12-20,1.0393502830065562,1.107666150013433,-0.031305536143731216
2021-12-21,1.0353039411312708,1.1295835527718159,-0.035076804634773806
2021-12-22,1.0355232021299206,1.1399560107216637,-0.0348724491648188
2021-12-23,1.0350440837306758,1.1479962024762227,-0.03531899673253336
2021-12-27,1.0291601657466414,1.161596406426842,-0.040802921517189006
2021-12-28,1.0280250533852655,1.1596766630361002,-0.04186086808082379
2021-12-29,1.04068768782236,1.1597729234247147,-0.030059049119879777
2021-12-30,1.040167343978449,1.1569448589083784,-0.030544019595319938
2021-12-31,1.040167343978449,1.1538656395621918,-0.030544019595319938
2022-01-03,1.040167343978449,1.1704279388049816,-0.030544019595319938
2022-01-04,1.0613354125460124,1.1774313155472027,-0.010814972355719266
2022-01-05,1.046223338703176,1.1576840292891346,-0.02489971597708629
2022-01-06,1.0551214525802934,1.1597314329455035,-0.016606502618263574
2022-01-07,1.0650363898439645,1.1548462429243849,-0.00736559029656092
2022-01-10,1.063080287297268,1.153583223078671,-0.009188715511131207
2022-01-11,1.066410628519659,1.1641897830688286,-0.00608477340650182
2022-01-12,1.063115581389247,1.1648112395200894,-0.009155820738246834
2022-01-13,1.0660283611785548,1.151626918971408,-0.0064410539243360265
2022-01-14,1.0720556796384277,1.151204398067288,-0.0008234771367606752
2022-01-18,1.0848193489057194,1.1287915942291749,0.0
2022-01-19,1.0926672605447216,1.115283672634352,0.0
2022-01-20,1.1025683308645038,1.101422244157175,0.0
2022-01-21,1.1198658242658173,1.076411316973092,0.0
2022-01-24,1.1166882995949,1.076876558689458,-0.0028374155207393503
2022-01-25,1.1279834814574574,1.0685971059688302,0.0
2022-01-26,1.1300222844669083,1.0690292796139766,0.0
2022-01-27,1.123951902119435,1.0621654512793122,-0.005371913838262965
2022-01-28,1.110632377514651,1.083408663025266,-0.01715887130615712
2022-01-31,1.102723432265877,1.1075595923059534,-0.024157799873751773
2022-02-01,1.1093369907966661,1.121449746047909,-0.018305208626925973
2022-02-02,1.1087623917358531,1.1251126840732877,-0.01881369334329952
2022-02-03,1.106516359547762,1.0974301737075298,-0.020801293250809927
2022-02-04,1.0978471942332133,1.1023886575975441,-0.028472969671455406
2022-02-07,1.103303047533408,1.0997774563067237,-0.023644876123929848
2022-02-08,1.1069762067338194,1.1049168780063106,-0.020394356863467578
2022-02-09,1.090873746927392,1.1214199795617386,-0.03464404027924539
2022-02-10,1.098811709605514,1.1029853011831043,-0.02761943307703696
2022-02-11,1.0985787468150232,1.079506828145376,-0.02782559077294544
2022-02-14,1.0998520920533643,1.0754405806825558,-0.02669875880171413
2022-02-15,1.0500998509425736,1.09658151611693,-0.07072642249886107
2022-02-16,1.0586959420205317,1.0940724045560808,-0.06311941226895801
2022-02-17,1.0636087253090745,1.0704922289368581,-0.05877190217462369
2022-02-18,1.0550203175018253,1.062167930718788,-0.06637211318400271
2022-02-22,1.0546329388144293,1.0489459340602267,-0.06671491942129637
2022-02-23,1.0626116585407226,1.030513054667401,-0.059654244746144
2022-02-24,1.05466380452752,1.0444153664169857,-0.06668760516960859
2022-02-25,1.0415000786879471,1.0684448601572525,-0.07833669034298896
2022-02-28,1.0432198355862152,1.066001348286249,-0.07681481159607617
2022-03-01,1.0400836079975093,1.0432820712008892,-0.07959017950856417
2022-03-02,1.0464477660379812,1.0648731509165936,-0.07395829230779616
2022-03-03,1.042728652256501,1.0532506269729678,-0.07724947853713215
2022-03-04,1.0440728321684738,1.0398572884664812,-0.07605996225019707
2022-03-07,1.061322546475112,1.006712570086962,-0.060795029386704336
2022-03-08,1.0729923438407782,1.0054490012313564,-0.05046797873816633
2022-03-09,1.0470373199018652,1.033323213754374,-0.07343657351340782
2022-03-10,1.054309391711162,1.0279543597800311,-0.06700123864500973
2022-03-11,1.0671882584397994,1.0162218241484946,-0.05560423620915678
2022-03-14,1.0788871621267484,1.0085477643452792,-0.04525142826212769
2022-03-15,1.071071098063054,1.0311955509746495,-0.05216816271164493
2022-03-16,1.0682355517414788,1.0595394179003639,-0.05467744625459103
2022-03-17,1.0661999914674725,1.0733172675668168,-0.056478791504137704
2022-03-18,1.063364740340059,1.0869211301357704,-0.05898781381846396
2022-03-21,1.0390213694097077,1.0820135303562153,-0.0805301951192322
2022-03-22,1.0503281564239377,1.0952097780028789,-0.07052438623417645
2022-03-23,1.0398098228440686,1.0784501122651824,-0.07983246247696585
2022-03-24,1.0279304186658818,1.0949743056181593,-0.09034500222195951
2022-03-25,1.0238192718643022,1.0979474539386125,-0.09398311348586164
2022-03-28,1.0136662352179058,1.1049348481800276,-0.10296792448114767
2022-03-29,1.0137084667308738,1.1219324118410132,-0.10293055219783209
2022-03-30,0.9995972043403016,1.1132981704321336,-0.11541814875636291
2022-03-31,0.9828216029257316,1.0940360790945332,-0.13026352096288007
2022-04-01,0.9858632231059578,1.094857574705921,-0.12757187476967158
2022-04-04,0.9965014767862197,1.1041565429955935,-0.11815767663703858
2022-04-05,0.9897403322076863,1.0849754486374146,-0.12414087243014016
2022-04-06,0.9991391947905316,1.072647226614093,-0.11582345894897217
2022-04-07,1.0037422360058754,1.0757642343435485,-0.11175005147850325
2022-04-08,1.0057976306337904,1.0733375456974128,-0.10993115404951626
2022-04-11,0.9918104003040361,1.0571939071630816,-0.12230898988693317
2022-04-12,0.9954697057997574,1.052905846329745,-0.11907073030035564
2022-04-13,0.9976214066327622,1.0622328059333137,-0.1171666078219038
2022-04-14,1.000163021033401,1.0513645004007672,-0.11491743589354875
2022-04-18,1.0006747235974336,1.053507609680971,-0.11446461069614644
2022-04-19,1.010528717866578,1.0718442612598231,-0.10574443375397835
2022-04-20,1.0113124646356468,1.0627316852335018,-0.10505086622009696
2022-04-21,1.0272165194088865,1.04433757951048,-0.09097675901720892
2022-04-22,1.025129006376772,1.0165137212732822,-0.0928240792522248
2022-04-25,1.025303015282004,1.0230358602397087,-0.09267009210734811
2022-04-26,1.0485567471412094,0.9909849621660578,-0.07209197415441282
2022-04-27,1.048924972707361,0.9899643365371651,-0.07176611724768345
2022-04-28,1.031312302916719,1.0219295909211363,-0.08735224332036606
2022-04-29,1.0305400309067891,0.9863602446406559,-0.0880356564003959
2022-05-02,1.029813792022982,0.9958125960488062,-0.08867833300402572
2022-05-03,1.0246679892329946,1.0000090245679019,-0.09323205097996357
2022-05-04,1.034084244555003,1.031695832511655,-0.08489924599775878
2022-05-05,1.0151639693255121,0.9942501269336536,-0.10164252220528647
2022-05-06,1.0218406926178853,0.9880859746203877,-0.09573403404168968
2022-05-09,1.0209357536918842,0.9532218783605559,-0.09653484915696697
2022-05-10,1.0136558122122552,0.9571681269866338,-0.1029771481980547
2022-05-11,1.0248874012759708,0.9404921420628445,-0.09303788485953202
2022-05-12,1.0234952420333376,0.939053154820626,-0.0942698598938031
2022-05-13,1.0018659614597092,0.9673030892916737,-0.11341043868675327
2022-05-16,0.9932289553196222,0.9612460888895293,-0.12105365622220343
2022-05-17,0.9955763558778464,0.9824198978696341,-0.11897635156149788
2022-05-18,0.9901951576383421,0.9409126321511622,-0.12373837998648862
2022-05-19,1.0149950620083803,0.9344813397593859,-0.10179199475945955
2022-05-20,1.0082947598827325,0.9346716974077643,-0.10772134873570316
2022-05-23,0.9919959070318907,0.9524584387803505,-0.12214482787844494
2022-05-24,0.9845681612228822,0.9409686278086746,-0.12871792463158782
2022-05-25,0.9827026604048045,0.9515041938805144,-0.1303687777552125
2022-05-26,0.9807384553126202,0.974826113969106,-0.13210697807142213
2022-05-27,0.9819442805564172,0.9988456761504815,-0.13103989712941577
2022-05-31,0.9846348033139946,0.9943034381661936,-0.12865895049273368
2022-06-01,0.9858221637760491,0.9874707642685114,-0.12760820974330256
2022-06-02,1.0167056306923397,1.010689262998123,-0.10027824701530219
2022-06-03,0.9952291945630657,0.9938009417815293,-0.11928356790541672
2022-06-06,0.9862436924184159,0.9951602938199124,-0.12723518290289326
2022-06-07,0.9904459737903634,1.004931180600435,-0.12351642316716838
2022-06-08,1.0015129458695624,0.9954755417568124,-0.11372283570316544
2022-06-09,1.0121824935683434,0.9714762795825,-0.10428094429496693
2022-06-10,1.0257128160189892,0.9387206116615872,-0.0923074437395962
2022-06-13,1.0453345136095442,0.9002804696267549,-0.07494345201990049
2022-06-14,1.036264532267629,0.899638959792439,-0.08296982589463708
2022-06-15,1.0188949000472054,0.9149095854260616,-0.0983408787129606
2022-06-16,1.0503554330410139,0.8836805415508444,-0.0705002481110163
2022-06-17,1.058133251506558,0.8839928525704971,-0.06361735865612972
2022-06-21,1.0417243969725754,0.9037561602138905,-0.0781381825014077
2022-06-22,1.05340844920513,0.9008608373608352,-0.06779851717519103
2022-06-23,1.0635810689087388,0.9062985057411624,-0.058796376382535986
2022-06-24,1.0398062466453746,0.9379450495144745,-0.07983562719216064
2022-06-27,1.037898331227038,0.9347079459425712,-0.08152401462005687
2022-06-28,1.0302890563435778,0.9161553380295113,-0.08825775340384545
2022-06-29,1.029088098357649,0.9121827764510797,-0.08932052712294558
2022-06-30,1.016060454585162,0.9019487137028684,-0.10084918806314358
2022-07-01,1.0262026494708603,0.9084978622206337,-0.09187397135714481
2022-07-05,1.0224134858868925,0.912983725577532,-0.09522714733964788
2022-07-06,1.0223953542389348,0.9125680299430166,-0.09524319272937776
2022-07-07,1.0218841565618153,0.9311963176159441,-0.09569557113301308
2022-07-08,1.0218841565618153,0.9305329182041931,-0.09569557113301308
2022-07-11,1.0218841565618153,0.9163854516639209,-0.09569557113301308
2022-07-12,1.0218841565618153,0.9117821285566037,-0.09569557113301308
2022-07-13,1.0202328947570556,0.9094218948347232,-0.09715683594828062
2022-07-14,1.0243504664954541,0.9072383402056167,-0.09351303901170871
2022-07-15,1.0216453943462231,0.9302530746437014,-0.09590686096231482
2022-07-18,1.0242151499303207,0.926700235281248,-0.09363278582289414
2022-07-19,1.0461526649061628,0.9544237991810671,-0.07421943860187796
2022-07-20,1.0539350570081878,0.9645800920551563,-0.06733250176089667
2022-07-21,1.0685229712691742,0.975358459688935,-0.054423097706207346
2022-07-22,1.0605195519966635,0.9650235113279926,-0.06150562995581366
2022-07-25,1.0611593342366608,0.9656829961270041,-0.06093946214762824
2022-07-26,1.0594816437775298,0.9514659237831669,-0.06242411469138087
2022-07-27,1.0553923455933192,0.9774129627173037,-0.06604289127695928
2022-07-28,1.0752768208647914,0.9874356662619915,-0.04844635752289017
2022-07-29,1.090098819928704,0.9984289452914364,-0.03532980286051468
2022-08-01,1.0905540600935517,1.001009777811568,-0.0349269434026922
2022-08-02,1.0830282858788987,0.9951851942773909,-0.04158678924653181
2022-08-03,1.0999089764545,1.0117745326878556,-0.026648419616445262
2022-08-04,1.1015841141207412,1.0104097035206607,-0.025166026136894226
2022-08-05,1.0976267412670868,1.008334264732928,-0.028668056944650577
2022-08-08,1.0983347061804432,1.0079759857243196,-0.028041551677375876
2022-08-09,1.0972198031490938,0.9998114413965528,-0.02902817207121644
2022-08-10,1.1010144979364729,1.0235875777528212,-0.025670101314966498
2022-08-11,1.1056326505625607,1.0256369366044593,-0.02158332117835493
2022-08-12,1.1020147125475261,1.0442907637129168,-0.02478497309687555
2022-08-15,1.1034331770761487,1.0484032776389511,-0.02352971950752558
2022-08-16,1.1048730889806615,1.0505493144527462,-0.02225548631380403
2022-08-17,1.0946217171443153,1.0404434112456795,-0.03132731788496834
2022-08-18,1.0897018715915643,1.0462442950046347,-0.03568107764738937
2022-08-19,1.0863825199115813,1.0307287737302282,-0.03861849908200199
2022-08-22,1.084059146595868,1.0063615997042485,-0.04067454111555291
2022-08-23,1.078229855631736,1.0052110596712778,-0.04583310395476459
2022-08-24,1.0713989913296293,1.0096064782243972,-0.05187799740155985
2022-08-25,1.058941095485037,1.0262445615741365,-0.06290246657870491
2022-08-26,1.0911473418780278,0.990580728127367,-0.03440192562859057
2022-08-29,1.0979278974954394,0.9849917364024269,-0.0284015522637322
2022-08-30,1.10686883124093,0.9753620483839617,-0.020489377549665733
2022-08-31,1.1147564050481036,0.9676045158881029,-0.013509361389281382
2022-09-01,1.111968521002617,0.9701266901594001,-0.015976466758625296
2022-09-02,1.1227769021212113,0.9602784165554965,-0.006411716339837614
2022-09-06,1.1227494878895872,0.9558063197057431,-0.00643597624338188
2022-09-07,1.130381061879243,0.9720168622543653,0.0
2022-09-08,1.1430474034499851,0.9816355672589059,0.0
2022-09-09,1.1429454712748293,0.9969015179711421,-8.917580744960407e-05
2022-09-12,1.1441968457091065,1.0062678714724902,0.0
2022-09-13,1.1024400980793856,0.9609614402758693,-0.036494374011180275
2022-09-14,1.099747553547577,0.9678214855250756,-0.038847591940338266
2022-09-15,1.1118922321028826,0.9580433871467017,-0.02823344053723853
2022-09-16,1.116650012749845,0.9515151246385181,-0.024075256860360827
2022-09-19,1.1099281239164573,0.957173953819401,-0.02995002295379634
2022-09-20,1.1253277463705886,0.9432002318256516,-0.01649113035862626
2022-09-21,1.1266106335299375,0.9269311239425084,-0.015369918423669526
2022-09-22,1.1326765656747622,0.917985398649701,-0.010068442399178923
2022-09-23,1.148888270283458,0.8993674586934576,0.0
2022-09-26,1.15463667565593,0.8886302764340157,0.0
2022-09-27,1.1563597534671737,0.8874695243073774,0.0
2022-09-28,1.1464496531666561,0.9070209272493578,-0.008570084068390993
2022-09-29,1.1482484120348062,0.8870524005020615,-0.007014548377394458
2022-09-30,1.1553558890538884,0.8709084445093812,-0.0008681246560815481
2022-10-03,1.1539613709443655,0.8929209774498957,-0.002074079900841408
2022-10-04,1.156773413761242,0.9247128954355626,0.0
2022-10-05,1.1563353867273982,0.9249885221757869,-0.0003786627775439477
2022-10-06,1.1565496683872,0.9177733787649573,-0.00019342195401461648
2022-10-07,1.1443794484220577,0.8910190609762282,-0.010714255005987106
2022-10-10,1.1334111041556223,0.8808657910619236,-0.020196098326341394
2022-10-11,1.1250417967871917,0.8729170911032367,-0.02743114303679839
2022-10-12,1.1208361227625885,0.8744935260848026,-0.03106683691994927
2022-10-13,1.1114547367044398,0.899116418124853,-0.03917679687109055
2022-10-14,1.1191799915719296,0.880833953570475,-0.0324985185016291
2022-10-17,1.1298505485672385,0.9041948678911783,-0.023274104395660244
2022-10-18,1.1361680794540636,0.9138267362830549,-0.017812766149405412
2022-10-19,1.1320120206710877,0.9124026542615091,-0.021405568969330546
2022-10-20,1.1319691366890188,0.9092218623463495,-0.021442641036823473
2022-10-21,1.141405490021063,0.9339558771567678,-0.013285163332212302
2022-10-24,1.1462436967473795,0.9422571825856557,-0.009102661669604939
2022-10-25,1.151664917751101,0.9584164041920749,-0.004416159594756608
2022-10-26,1.162972296685343,0.9560722107938366,0.0
2022-10-27,1.170994442295704,0.9502469226456874,0.0
2022-10-28,1.1727399418948392,0.9719336192911615,0.0
2022-10-31,1.172186181181382,0.9636625099386357,-0.0004721939567969846
2022-11-01,1.1794321860731711,0.9651395208782747,0.0
2022-11-02,1.1767970603457403,0.9427095405796119,-0.0022342325048838596
2022-11-03,1.1820311326365098,0.9360771563481158,0.0
2022-11-04,1.1816284375983064,0.9514169258228968,-0.0003406805684594838
2022-11-07,1.1713984133567137,0.962359023941534,-0.008995295458995245
2022-11-08,1.167642520028193,0.9683716987849685,-0.012172786495245003
2022-11-09,1.168580088888964,0.945893527007577,-0.011379601920927018
2022-11-10,1.159701244570177,1.0004247122408991,-0.018891116697177135
2022-11-11,1.1755885361806635,1.0143851105948958,-0.005450445659139436
2022-11-14,1.1678441470576393,1.0093662510430628,-0.012002209744870762
2022-11-15,1.1795426013652535,1.0206551876838788,-0.002105300954049927
2022-11-16,1.1645068714393227,1.0064273071211516,-0.014825549609763122
2022-11-17,1.159186080187164,1.0046837308177923,-0.019326946489463537
2022-11-18,1.1583963721978856,1.0074930950900833,-0.019995040558624777
2022-11-21,1.1582520103174578,1.0011959963384889,-0.0201171709124216
2022-11-22,1.153026877871325,1.015930560738502,-0.02453764030773964
2022-11-23,1.1588820318127335,1.0229122356768956,-0.01958417184168615
2022-11-25,1.157297839981277,1.022319088511425,-0.02092440035827603
2022-11-28,1.138397180023942,1.0068018777812449,-0.03691438525417057
2022-11-29,1.1265004919603459,1.0056114476816338,-0.04697900008124434
2022-11-30,1.1259372417143658,1.0369442093592465,-0.047455510581203675
2022-12-01,1.1297741330476538,1.0336284731024765,-0.04420949511904748
2022-12-02,1.133374387761862,1.0305219029201043,-0.04116367456931469
2022-12-05,1.1252324383090313,1.0112211963758808,-0.04805177525298299
2022-12-06,1.1131940571230454,0.9944532590767935,-0.0582362626608014
2022-12-07,1.1135960347212264,0.9920654339778086,-0.057896189047609625
2022-12-08,1.1121628983849035,1.000197878219724,-0.05910862440295117
2022-12-09,1.1108473145621707,0.9943581538075208,-0.06022161016653116
2022-12-12,1.1046375777226107,1.008186938331702,-0.0654750562629205
2022-12-13,1.0987298436691975,1.014427049516127,-0.07047300757765118
2022-12-14,1.1080942065729589,1.0086959641715285,-0.06255074339593347
2022-12-15,1.0903989182666518,0.9817406591202047,-0.07752098218045511
2022-12-16,1.095230302326537,0.9711793616313074,-0.07343362447346402
2022-12-19,1.1081237304019487,0.9631513868866207,-0.0625257661951013
2022-12-20,1.1090970194589733,0.9637125992673643,-0.06170236228453441
2022-12-21,1.0907078998968207,0.9806175699632522,-0.07725958328694227
2022-12-22,1.102457878894108,0.9633696814972007,-0.06731908453622071
2022-12-23,1.1004158624131808,0.9689626811919865,-0.06904663334990757
2022-12-27,1.1216973719523957,0.9632688708358453,-0.051042446360562654
2022-12-28,1.1246074854992176,0.9530045147946138,-0.04858048620869171
2022-12-29,1.1040538761008423,0.971346250837411,-0.06596886865554885
2022-12-30,1.1039205597635724,0.9709480922793935,-0.06608165446430547
2023-01-03,1.1033685994836906,0.9710169315734576,-0.06654861363707332
2023-01-04,1.046270540183147,0.9859906981042854,-0.11485365207813958
2023-01-05,1.0632883622300002,0.977904716697913,-0.10045655070154957
2023-01-06,1.0700881941923985,1.0013549973830165,-0.09470388330163826
2023-01-09,1.0616544608500194,1.0025093074232458,-0.10183883356607659
2023-01-10,1.0661430800113374,1.0106011459380546,-0.0980414554451583
2023-01-11,1.0678377140423823,1.0213571268150787,-0.09660779267244868
2023-01-12,1.0687457527275899,1.0278685563163252,-0.09583959066817294
2023-01-13,1.070378636789304,1.0308393151737452,-0.09445816845632982
2023-01-17,1.0726861986737815,1.028124142263367,-0.09250596785791543
2023-01-18,1.0746275971016486,1.0118101659245526,-0.09086354205857394
2023-01-19,1.0774136163536132,1.0025106102273291,-0.08850656585461347
2023-01-20,1.077290099918787,1.0221800852828853,-0.08861106093212523
2023-01-23,1.0790443257076403,1.0398498685951616,-0.08712698344853098
2023-01-24,1.0751710699732986,1.038795897768782,-0.09040376324510235
2023-01-25,1.0759431626286855,1.040796490058061,-0.08975057177317836
2023-01-26,1.0834426762365812,1.0516800833202506,-0.08340597271751038
2023-01-27,1.0910702601424604,1.0570646912963637,-0.07695302600969733
2023-01-30,1.0779742734397224,1.0420029312915333,-0.08803224917155061
2023-01-31,1.0834316051503896,1.056593737495383,-0.08341533887199304
2023-02-01,1.0869155761672415,1.0704591380859603,-0.08046789449370417
2023-02-02,1.0991875134304814,1.083870645800588,-0.07008581831617788
2023-02-03,1.088880703559759,1.0741563323463597,-0.07880539395690844
2023-02-06,1.0837437873982876,1.068655910330734,-0.08315123225138177
2023-02-07,1.0910131937035488,1.0817855215025292,-0.07700130429724505
2023-02-08,1.0792941649596723,1.0718228845361695,-0.08691561909006884
2023-02-09,1.0788508489532898,1.064706864131795,-0.08729066505471594
2023-02-10,1.0800658657258388,1.0650305197384726,-0.08626275915697612
2023-02-13,1.0856172703271205,1.0767164014318964,-0.08156626305970394
2023-02-14,1.081074749501474,1.079437449377274,-0.08540924206442302
2023-02-15,1.0709658554036998,1.0810488645026644,-0.09396138068299431
2023-02-16,1.0743469768127216,1.0651409018290106,-0.09110094721752349
2023-02-17,1.060672726584237,1.0609650628555787,-0.10266938213512522
2023-02-21,1.0543959048438978,1.0396718172380088,-0.10797958215188697
2023-02-22,1.0570772722422568,1.0372168833191266,-0.10571114156320449
2023-02-23,1.0633606661036312,1.0425749644508429,-0.10039538152280747
2023-02-24,1.0623683165240643,1.0306532144275673,-0.10123491066224177
2023-02-27,1.061746368110359,1.0335718071565727,-0.10176107989461902
2023-02-28,1.061414902579944,1.0303130410984538,-0.10204150019934966
2023-03-01,1.057412941414713,1.0279530534740258,-0.10542716497139715
2023-03-02,1.0522770392004062,1.0378638882575781,-0.1097721454651438
2023-03-03,1.0422409111538513,1.0551076580603789,-0.11826272390208348
2023-03-06,1.0371124299831644,1.055640316954258,-0.12260142618249448
2023-03-07,1.0325034417524748,1.0398270364337356,-0.12650063670532508
2023-03-08,1.0360973880776632,1.0415907170793475,-0.12346015306157188
2023-03-09,1.047613927005595,1.0216266687555762,-0.11371714493771279
2023-03-10,1.0488786383519442,1.00905038434087,-0.11264719736067375
2023-03-13,1.0661813288375757,1.0037451054765871,-0.09800909688438764
2023-03-14,1.0524822168727272,1.0220155542563336,-0.1095985648659058
2023-03-15,1.078855993678723,1.0143585634045924,-0.0872863126097666
2023-03-16,1.0788473718911253,1.0326141790391186,-0.08729360665419539
2023-03-17,1.0928471937197657,1.0204267784573808,-0.0754497377051484
2023-03-20,1.0841807674676116,1.0295770418891372,-0.08278154649839375
2023-03-21,1.0715681843724505,1.045964258779401,-0.09345180952863119
2023-03-22,1.0728542349674286,1.0288920189287278,-0.09236380891725171
2023-03-23,1.0818381702352355,1.034812565628595,-0.08476338705038566
2023-03-24,1.0851220843907599,1.0366805574129627,-0.08198519105803515
2023-03-27,1.0849055355148634,1.0411967692626907,-0.08216839171148449
2023-03-28,1.0789542151102536,1.0376780394518947,-0.08720321714060453
2023-03-29,1.1002095094995707,1.0545525846384811,-0.06922120820492828
2023-03-30,1.105820431951293,1.0601623178275927,-0.0644743599225086
2023-03-31,1.1026293325103769,1.0743841365034765,-0.06717403453581461
2023-04-03,1.1063328218150272,1.0794744180171896,-0.06404087737743269
2023-04-04,1.0953740037764224,1.072724094698588,-0.07331205284483455
2023-04-05,1.1027335623901744,1.0698589861312406,-0.0670858559109716
2023-04-06,1.100233504161352,1.070830261422198,-0.06920090868732787
2023-04-10,1.096809157097389,1.0758146285404446,-0.07209791111764874
2023-04-11,1.0981254643175538,1.0763100873521083,-0.07098431335882438
2023-04-12,1.093720179487759,1.0699603376921345,-0.07471119051811614
2023-04-13,1.1044701897410678,1.0843397102007708,-0.0656166667306326
2023-04-14,1.1025014437126461,1.0851585436684386,-0.06728222863849065
2023-04-17,1.1026973660504673,1.0888486141772464,-0.06711647806525134
2023-04-18,1.10112769556296,1.0890059657744933,-0.06844442150444496
2023-04-19,1.103957010509491,1.083801914294763,-0.0660508170820131
2023-04-20,1.1061128908324895,1.0777078343107662,-0.06422693929785528
2023-04-21,1.103024609934956,1.0790850727771588,-0.06683962927890941
2023-04-24,1.10123423997116,1.080130935068844,-0.06835428478531946
2023-04-25,1.1024785826962618,1.0622883433961148,-0.06730156909049156
2023-04-26,1.1132445095937211,1.0559123339381142,-0.05819357979967987
2023-04-27,1.111664607067459,1.0725582098174868,-0.05953017955804507
2023-04-28,1.1084913031066255,1.0852110357841465,-0.06221479917018291
2023-05-01,1.1088988443019947,1.0848994135971695,-0.06187001874594811
2023-05-02,1.119131430823584,1.0736881453956406,-0.05321323616293305
2023-05-03,1.127567238771101,1.0641734956162896,-0.046076530779631364
2023-05-04,1.1241978518548172,1.055111113910282,-0.048927036847748684
2023-05-05,1.1060605897341378,1.075382787300996,-0.0642711861005898
2023-05-08,1.104251059965703,1.0788837664724271,-0.06580205082866064
2023-05-09,1.0934888154684737,1.0719786442904806,-0.07490692480370065
2023-05-10,1.0969216432103692,1.0720413668930933,-0.07200274770792603
2023-05-11,1.1110830831020815,1.0696868356235407,-0.06002214965030517
2023-05-12,1.1192663669959921,1.0653053378397321,-0.0530990799713722
2023-05-15,1.1139414198967907,1.0721066845980587,-0.05760399270351335
2023-05-16,1.1241184833730649,1.0638366313707952,-0.04899418269489342
2023-05-17,1.1314848170692628,1.0802075404367635,-0.042762254031756264
2023-05-18,1.1395877695264327,1.0933068972000004,-0.035907144861242024
2023-05-19,1.1353322014980367,1.0914456015859901,-0.03950736139606714
2023-05-22,1.1375520667522665,1.090450378822309,-0.037629352270132865
2023-05-23,1.1399918387404135,1.0820310652454406,-0.035565301738142874
2023-05-24,1.1400003979375124,1.074062564102903,-0.03555806064536404
2023-05-25,1.1580042693959476,1.0841699714909847,-0.020326760080312423
2023-05-26,1.1717207348254062,1.1053866232763723,-0.00872261104333727
2023-05-30,1.1829293535181624,1.1066204705590452,0.0
2023-05-31,1.1749108810974664,1.099700963561782,-0.0067784879941039655
2023-06-01,1.1876326519161768,1.10933723642144,0.0
2023-06-02,1.1893543893436647,1.1275760986696488,0.0
2023-06-05,1.1797416425526026,1.1230837971159597,-0.008082323382492262
2023-06-06,1.1836024737140798,1.128584480852649,-0.004836166311000922
2023-06-07,1.18683457126045,1.127250489243498,-0.0021186436152181853
2023-06-08,1.179374255333307,1.1360108502808652,-0.008391219723723364
2023-06-09,1.1840811984636048,1.1403718832783627,-0.004433658232824822
2023-06-12,1.183298838200354,1.1533977800092037,-0.005091460709748974
2023-06-13,1.1901139499132585,1.1602589868852367,0.0
2023-06-14,1.210716953970615,1.1628107559024479,0.0
2023-06-15,1.2153321393696552,1.1758350249937806,0.0
2023-06-16,1.2155440809584566,1.1720362402249014,0.0
2023-06-20,1.1863760503718017,1.1630823622874307,-0.023995864110214593
2023-06-21,1.1825003190215626,1.1538932127647223,-0.027184338646804918
2023-06-22,1.1800073756880893,1.1542685416873337,-0.029235225465740866
2023-06-23,1.1830590522122069,1.145409609242743,-0.026724681774300763
2023-06-26,1.1857332269220977,1.1415021974404231,-0.02452470009384855
2023-06-27,1.1736952875014657,1.1528429251306447,-0.034428034418951814
2023-06-28,1.1708142233942356,1.153184784966487,-0.03679821922126547
2023-06-29,1.1720574528730663,1.1583878891382247,-0.0357754430847963
2023-06-30,1.1773286395647293,1.1700860443100407,-0.03143895971554922
2023-07-03,1.1827257998708582,1.173633584515651,-0.026998840767437304
2023-07-05,1.1781806646033124,1.172125923447061,-0.030738018423554947
2023-07-06,1.1673990662354856,1.1564083986564675,-0.039607790023549416
2023-07-07,1.1595048053932329,1.153104774009979,-0.04610221582506224
2023-07-10,1.1486142550293579,1.160989051062626,-0.05506161971215762
2023-07-11,1.1413769900181505,1.171117928961891,-0.06101555023971261
2023-07-12,1.14063385519412,1.179774116108491,-0.06162691007081367
2023-07-13,1.1394662502033204,1.1885870083632102,-0.06258747169016599
2023-07-14,1.1352323072114534,1.1859806439168792,-0.0660706386589266
2023-07-17,1.1343734656734128,1.1896736123787823,-0.06677718772735974
2023-07-18,1.1374854523438087,1.2004079686387037,-0.0642170282735437
2023-07-19,1.1376690622834855,1.204648434911211,-0.0640659766230498
2023-07-20,1.1307718296863958,1.199412869490681,-0.06974017034842361
2023-07-21,1.1354930696668728,1.20248565267461,-0.06585611541826075
2023-07-24,1.1397563892567848,1.2089327529057892,-0.062348781001765996
2023-07-25,1.139906159081825,1.2089376164293275,-0.06222556883086561
2023-07-26,1.1389772058082313,1.2094291593522235,-0.06298979720246123
2023-07-27,1.1444598273251434,1.2063573951361506,-0.05847937129294667
2023-07-28,1.1494130089461532,1.2173702008630023,-0.054404503339902766
2023-07-31,1.1433771667044446,1.2226740321521123,-0.05937005114377125
2023-08-01,1.1412822944442211,1.220875893042265,-0.061093454098085864
2023-08-02,1.130473109046447,1.2027782139589176,-0.06998592090953304
2023-08-03,1.1295619159108268,1.19887116218006,-0.07073553842640812
2023-08-04,1.1267067956437145,1.1948712134372517,-0.07308437983153515
2023-08-07,1.1265525737068038,1.207089753161558,-0.0732112546518946
2023-08-08,1.1308228433450804,1.2020759721253857,-0.06969820259136417
2023-08-09,1.1403171749162204,1.1910512226034478,-0.06188743561066068
2023-08-10,1.139999258395111,1.19135402233643,-0.062148978179202174
2023-08-11,1.1409689988871248,1.1895619101117043,-0.06135119510641629
2023-08-14,1.1378312056911393,1.198954897341926,-0.06393258499193277
2023-08-15,1.1392646603692569,1.1822482402230097,-0.06275331498389869
2023-08-16,1.1400250316700187,1.1716224699961795,-0.062127775102068794
2023-08-17,1.1383564713086607,1.1647332014383431,-0.06350046111773544
2023-08-18,1.1363747766705319,1.1667079371549094,-0.06513075546013902
2023-08-21,1.148829324443303,1.173148615756993,-0.05488468707983751
2023-08-22,1.148513187315702,1.166534884785409,-0.05514476578249694
2023-08-23,1.1553694520752669,1.178918446851009,-0.049504275349473104
2023-08-24,1.144802439004289,1.1603496164297886,-0.05819751258908501
2023-08-25,1.1374952893120616,1.1697014944376427,-0.06420893562729002
2023-08-28,1.136216480366945,1.1777134847108608,-0.06526098216772336
2023-08-29,1.1274652189186305,1.1939487441572632,-0.07246044254551087
2023-08-30,1.1225769236539012,1.1977546591255837,-0.07648192999405734
2023-08-31,1.1284478142451544,1.1982157580506472,-0.0716520840977044
2023-09-01,1.1209112170419602,1.2021310517406951,-0.07785226829608549
2023-09-05,1.1347956649898086,1.1988346837742732,-0.06642985411518587
2023-09-06,1.1346294043190503,1.1918085813920316,-0.06656663292342713
2023-09-07,1.1433911403555184,1.188373100853456,-0.05935855534424195
2023-09-08,1.14968055607832,1.191474215217601,-0.05418439850260559
2023-09-11,1.1401251278693012,1.198954488664499,-0.062045428274133396
2023-09-12,1.136182649529473,1.1961567313212726,-0.06528881401520803
2023-09-13,1.1335826506749451,1.1988430977586755,-0.0674277729351328
2023-09-14,1.13566222783917,1.2083457023835174,-0.06571695290252233
2023-09-15,1.135646057822299,1.1950146185337627,-0.06573025560139112
2023-09-18,1.133984095749934,1.1933035141429609,-0.06709751335732095
2023-09-19,1.1321680159741654,1.1904710831375804,-0.06859156018311496
2023-09-20,1.1408104849023912,1.17924152614661,-0.061481600895245125
2023-09-21,1.152019889316926,1.158245305713644,-0.052259883155731934
2023-09-22,1.156361102363514,1.154553658229937,-0.04868846759409717
2023-09-25,1.155237052146272,1.1590262766020036,-0.049613197708661017
2023-09-26,1.165858377097102,1.1442117974027195,-0.04087527934172275
2023-09-27,1.1633781209702585,1.1443959047997068,-0.04291572868921811
2023-09-28,1.1588651211061323,1.1508765081042398,-0.046628469292230745
2023-09-29,1.1525859311320454,1.1493427936061524,-0.05179421364691983
2023-10-02,1.1519739791105823,1.1484826072392047,-0.05229765242059281
2023-10-03,1.1582978313183043,1.132219969771073,-0.047095165479324796
2023-10-04,1.1476504753695482,1.1390018015507293,-0.05585449894616268
2023-10-05,1.149097644658723,1.1364840151859155,-0.05466394624482929
2023-10-06,1.1472466748649388,1.148955714628309,-0.05618669628144235
2023-10-09,1.1399199528006783,1.1536821384915998,-0.062214221057412145
2023-10-10,1.1321747085970573,1.1599605383581153,-0.06858605431706144
2023-10-11,1.1438140777877475,1.1613305884684224,-0.05901061450124456
2023-10-12,1.1553295877401997,1.1552885764908036,-0.049537070815875106
2023-10-13,1.1577052362350146,1.1481352688585054,-0.04758267974768626
2023-10-16,1.1521066365786088,1.1605828009549892,-0.05218851819000048
2023-10-17,1.1447019306414268,1.161484872403303,-0.058280198494464086
2023-10-18,1.1482373437756237,1.1457352164964258,-0.055371695882687755
2023-10-19,1.1516398681123434,1.1391517542827534,-0.05257251781089223
2023-10-20,1.1581021206668398,1.1260669747797742,-0.047256172105518135
2023-10-23,1.156772319554121,1.1225513784571566,-0.04835016872279441
2023-10-24,1.159239687155139,1.1301274755181225,-0.0463203224673856
2023-10-25,1.1670912201867327,1.1133281351351025,-0.03986104784741229
2023-10-26,1.166606462871146,1.1021825394855658,-0.04025984647856051
2023-10-27,1.16084526506282,1.0923101649685651,-0.04499945065958155
2023-10-30,1.1572275166936965,1.1068416671712753,-0.04797568856472689
2023-10-31,1.153542927687139,1.1138792555686974,-0.05100691471627228
2023-11-01,1.1449929996506005,1.1242841169928313,-0.058040742753011854
2023-11-02,1.1422523748952165,1.1504878378250432,-0.060295391348909044
2023-11-03,1.1515530565981296,1.1637736030338728,-0.05264393563569503
2023-11-06,1.1521625226515315,1.164457599082547,-0.05214254201044577
2023-11-07,1.1564803440480524,1.16752948015104,-0.04859037021827495
2023-11-08,1.1596607606696987,1.1670746603988915,-0.04597391502634263
2023-11-09,1.1447283002033621,1.1576878685526173,-0.05825850486578499
2023-11-10,1.1446914736217875,1.1750809676460143,-0.05828880124265157
2023-11-13,1.1511158192646018,1.1757178498437488,-0.053003640676735464
2023-11-14,1.156250191977246,1.199856975966736,-0.04877971100353451
2023-11-15,1.169933349512659,1.205473838830839,-0.03752289378911999
2023-11-16,1.1603226914400437,1.2024959589730642,-0.045429359891967724
2023-11-17,1.1681324334151213,1.2068056868889379,-0.03900446580756756
2023-11-20,1.1738465181976563,1.2152843557586992,-0.03430362042314561
2023-11-21,1.1666158479000128,1.210791330238346,-0.04025212563238667
2023-11-22,1.1669302400476163,1.215420523344645,-0.03999348248441004
2023-11-24,1.1650889686773713,1.2176983294773973,-0.041508253852300725
2023-11-27,1.1639856674233733,1.2157389512406493,-0.04241591427472502
2023-11-28,1.1802803628795344,1.2170820226264725,-0.029010645217503517
2023-11-29,1.1796902226980948,1.2211789204828907,-0.029496139894894635
2023-11-30,1.1824698665719042,1.22762998684765,-0.027209391172776987
2023-12-01,1.1960991042028142,1.234260177417921,-0.015996932616635373
2023-12-04,1.195189597202497,1.2298223409804205,-0.016745162988996642
2023-12-05,1.1932302676476079,1.2255379038052432,-0.0183570580947211
2023-12-06,1.1978099563116853,1.221554137028103,-0.014589454158493331
2023-12-07,1.19731773675954,1.231557022761909,-0.014994391799057705
2023-12-08,1.1958473473546967,1.2390702333202226,-0.0162040471524727
2023-12-11,1.1990473589624755,1.2483138189551406,-0.01357147161867911
2023-12-12,1.208440993239767,1.251742147135222,-0.005843545972507025
2023-12-13,1.2136364712492913,1.2673724410768081,-0.0015693463849217881
2023-12-14,1.229285792548826,1.2781077029535701,0.0
2023-12-15,1.230621756081018,1.2818700452863583,0.0
2023-12-18,1.2253098700852139,1.2873116879456896,-0.004316424579328237
2023-12-19,1.2310629291220379,1.2979076882860168,0.0
2023-12-20,1.2253916171152728,1.27709773698238,-0.004606841675274587
2023-12-21,1.2229906458975712,1.2931918290749718,-0.006557165384082797
2023-12-22,1.2228581980537074,1.2928286297630922,-0.006664753583459637
2023-12-26,1.223270138987041,1.3004157139396093,-0.006330131425981933
2023-12-27,1.224108862574537,1.303688283496606,-0.005648831089780426
2023-12-28,1.218704647813516,1.3035118856461505,-0.010038708027164334
2023-12-29,1.2156734685307349,1.298536483611588,-0.012500953628973521
2024-01-02,1.2079780821431991,1.2915697405612592,-0.018751963390939097
2024-01-03,1.216519386728326,1.2809942628574742,-0.011813809066677061
2024-01-04,1.2166915107689555,1.278673820405738,-0.011673991648283644
2024-01-05,1.2123162328658246,1.2831761730056768,-0.015228056838315296
2024-01-08,1.2018851177839849,1.2979917745435359,-0.023701315869256057
2024-01-09,1.206833176531859,1.294024852362105,-0.019681977271022943
2024-01-10,1.2084681347782986,1.2986024492926287,-0.018353890616991664
2024-01-11,1.213560877309314,1.2987648985943112,-0.014217024490539854
2024-01-12,1.2174850256379455,1.2966593327325002,-0.011029414632585666
2024-01-16,1.2436798045303499,1.2903121978195151,0.0
2024-01-17,1.2374475934988223,1.28368422668913,-0.005011105759557655
2024-01-18,1.2331742330769033,1.2943615797270815,-0.008447167361870789
2024-01-19,1.2407466663563138,1.3150284355021986,-0.002358435156180505
2024-01-22,1.2333715815275639,1.315592356330833,-0.008288486285003782
2024-01-23,1.238343851132976,1.318517514929704,-0.004290455934024662
2024-01-24,1.2432749379835502,1.3222539937391848,-0.0003255392146153113
2024-01-25,1.2518239828490407,1.328966660865418,0.0
2024-01-26,1.2420439304196724,1.328606574829798,-0.007812641843711776
2024-01-29,1.238711132871173,1.3386152298761596,-0.01047499501329574
2024-01-30,1.2412219176256911,1.3418252675480187,-0.008469293901224195
2024-01-31,1.2252806858654526,1.3253150459596974,-0.021203697442493397
2024-02-01,1.227056176013766,1.3386549748326395,-0.01978537492060617
2024-02-02,1.2273059116753673,1.3511106713978998,-0.019585877495230997
2024-02-05,1.2240376120820724,1.3460819618337243,-0.022196707482571965
2024-02-06,1.2191031476098904,1.3515816866919474,-0.026138527211054585
2024-02-07,1.219200885601855,1.3633518080480442,-0.026060450745589936
2024-02-08,1.225108531006182,1.3659094577749524,-0.02134122065792088
2024-02-09,1.2221229929951531,1.368942681321729,-0.02372617097995744
2024-02-12,1.2217029099865198,1.3706365068074557,-0.02406174771789249
2024-02-13,1.2252581641462135,1.3518374669907642,-0.021221688565484897
2024-02-14,1.2232357532479623,1.367331090575804,-0.022837259864613046
2024-02-15,1.2234847961795394,1.380946003934408,-0.022638315815777688
2024-02-16,1.222563052044766,1.372548019169135,-0.023374636694273532
2024-02-20,1.2187085223486507,1.3649011311214754,-0.02645376742585026
2024-02-21,1.2172510206067308,1.3669794346067075,-0.027618069885212537
2024-02-22,1.2228550958996458,1.3905286239053791,-0.023141342030741696
2024-02-23,1.2188469963210782,1.3925928299260535,-0.02634314965983464
2024-02-26,1.224947886300194,1.3924242550069512,-0.02146954916751087
2024-02-27,1.224362304005999,1.3943937624065825,-0.021937332419963207
2024-02-28,1.221831315813467,1.3942428079888658,-0.023959172732346157
2024-02-29,1.239615497781195,1.4020285807758972,-0.00975255725654034
2024-03-01,1.2545652919207453,1.4146814111517487,0.0
2024-03-04,1.2707133763063565,1.4151460975792125,0.0
2024-03-05,1.2648466346995733,1.3997353976640707,-0.004616888211121495
2024-03-06,1.2680084488443204,1.406061600531623,-0.0021286684412645807
2024-03-07,1.2647947947628362,1.4183310488741607,-0.004657684143314911
2024-03-08,1.2723085938191254,1.4088938647487586,0.0
2024-03-11,1.2702215721399515,1.4091535985575203,-0.0016403423582240784
2024-03-12,1.2513516968889276,1.4226834480851607,-0.016471551816914953
2024-03-13,1.2496089132755654,1.4204421955734257,-0.01784133240460295
2024-03-14,1.2449268970034881,1.4132585698380558,-0.02152127003516091
2024-03-15,1.2437372926432086,1.40447636339578,-0.022456266753770437
2024-03-18,1.2410686372876585,1.4142522083111755,-0.024553757384985553
2024-03-19,1.2411374276476694,1.4194557795645808,-0.02449969003030039
2024-03-20,1.2420468524567918,1.435456325864141,-0.023784906829479202
2024-03-21,1.248836810902011,1.447078059448592,-0.018448183900619974
2024-03-22,1.2448089344358912,1.439089399268096,-0.021613985409536296
2024-03-25,1.247799980805171,1.437806285692123,-0.019263104197375758
2024-03-26,1.24606444794153,1.435462231469768,-0.020627185892706845
2024-03-27,1.2481471801333917,1.45030411320629,-0.01899021495501163
2024-03-28,1.248941840656639,1.45189462489284,-0.018365633365994727
2024-04-01,1.2553377611970813,1.4489536707982897,-0.01333861352857979
2024-04-02,1.25467632400097,1.4384284261167477,-0.013858485200691883
2024-04-03,1.2687180323214133,1.4408560150403034,-0.0028220838208238286
2024-04-04,1.2708739530674409,1.4189679102035744,-0.0011275886672887925
2024-04-05,1.2709982179008077,1.4317532673800424,-0.0010299198831820178
2024-04-08,1.2702761898310888,1.4319201439857907,-0.0015974143363567395
2024-04-09,1.2666710641830776,1.4352862755372124,-0.0044309451837666325
2024-04-10,1.2772835384339953,1.420233796166596,0.0
2024-04-11,1.2794618768729404,1.426826064916652,0.0
2024-04-12,1.2797073508385886,1.4036238299020165,0.0
2024-04-15,1.2775190992015952,1.391229119932371,-0.0017099625438263821
2024-04-16,1.2766147750873718,1.3913381214882103,-0.002416627324356768
2024-04-17,1.2779323861750147,1.385449169084601,-0.0013870082581073362
2024-04-18,1.2791123730585445,1.3818800391451205,-0.0004649326892232075
2024-04-19,1.2694787767207296,1.374049545669777,-0.007992900963768146
2024-04-22,1.2565486994585258,1.3871841167826728,-0.01809683390885186
2024-04-23,1.2487191085194114,1.404055890618172,-0.02421510066256216
2024-04-24,1.251634898111557,1.4068706125352712,-0.021936619109545363
2024-04-25,1.2517631401961236,1.4007179017076345,-0.021836407069282804
2024-04-26,1.2468522882138329,1.406891388151369,-0.02567388755188904
2024-04-29,1.2547205154270016,1.4124094011977382,-0.019525429306327835
2024-04-30,1.2492602791554814,1.391991112192978,-0.023792214417737934
2024-05-01,1.2451123986476154,1.383765932487694,-0.0270334871236797
2024-05-02,1.240823497653344,1.3973592339092287,-0.030384957279306013
2024-05-03,1.235873040511393,1.4071301073199252,-0.034253386368743755
2024-05-06,1.2342703923611238,1.4238746447558204,-0.03550574156481168
2024-05-07,1.2365219613441778,1.4230405279089182,-0.033746301032116066
2024-05-08,1.23728788629003,1.4221450141553764,-0.03314778532823237
2024-05-09,1.2340641522972293,1.4288782471739383,-0.03566690346152135
2024-05-10,1.2319841234272135,1.4306438182301442,-0.037292297633597316
2024-05-13,1.231169386828883,1.4317726029895461,-0.0379289561616557
2024-05-14,1.2349262390632763,1.4390742632062288,-0.034993244155366754
2024-05-15,1.234075911925646,1.4533939319956544,-0.03565771415084906
2024-05-16,1.2304093041029434,1.4534284681574463,-0.03852290658746338
2024-05-17,1.2355336357366227,1.457679778798658,-0.03451860698699505
2024-05-20,1.2408189517338135,1.4554395237803803,-0.030388509591112056
2024-05-21,1.237943780343694,1.4595703469829004,-0.03263525091695929
2024-05-22,1.231611143293839,1.4559996944641358,-0.03758375499932243
2024-05-23,1.2193347713725273,1.4382952714717576,-0.04717686385602082
2024-05-24,1.2231609006148605,1.4464312459180235,-0.04418701681026782
2024-05-28,1.2375410531308033,1.443622302667773,-0.03294995350316132
2024-05-29,1.24223752196254,1.429509721524582,-0.029279998158559306
2024-05-30,1.2371143697486562,1.4219040653752237,-0.033283376126597486
2024-05-31,1.215938307662878,1.437929970589393,-0.04983095794044068
2024-06-03,1.2172860676594675,1.4383750669767237,-0.048777779652681263
2024-06-04,1.2146841820251588,1.4405403782557844,-0.0508109676566445
2024-06-05,1.213887919015583,1.452739743525889,-0.051433190393002204
2024-06-06,1.212639032501621,1.4568005580783043,-0.05240910610775029
2024-06-07,1.2134317639462373,1.45735395981409,-0.05178964303746558
2024-06-10,1.2183252919874241,1.4595818631201782,-0.04796569997893729
2024-06-11,1.2216242139049798,1.4541612657350682,-0.04538782784637996
2024-06-12,1.2401610556504872,1.46053854596274,-0.030902608445740998
2024-06-13,1.2312254048748754,1.4600461871682304,-0.037885182055055866
2024-06-14,1.2266784626372904,1.461722455483761,-0.04143829303359747
2024-06-17,1.2358937322382169,1.4746634545400705,-0.03423721726038442
2024-06-18,1.2355122358825312,1.4783303046232066,-0.034535329446296004
2024-06-20,1.2245346304953828,1.4798916348623032,-0.04311354491091357
2024-06-21,1.2268417058416807,1.4785426376889652,-0.04131073011518227
2024-06-24,1.2224003308286777,1.480318400594069,-0.044781347838908414
2024-06-25,1.2082736629045423,1.4768800476852062,-0.055820331021179115
2024-06-26,1.2075181621329096,1.4761637010339685,-0.05641070097657375
2024-06-27,1.2186020471910952,1.475727522963515,-0.047749435531062034
2024-06-28,1.213345507454158,1.4737576143545692,-0.05185704633246335
2024-07-01,1.2135858577435241,1.4782537747357267,-0.05166922972798049
2024-07-02,1.2189718272023682,1.4875545680265234,-0.04746047883246163
2024-07-03,1.219552301575607,1.493394403168161,-0.047006879520979705
2024-07-05,1.2230242867985621,1.4999661825811215,-0.04429377076163721
2024-07-08,1.2225339731523022,1.499814290323007,-0.044676915897076674
2024-07-09,1.2295108778176949,1.4995479895025554,-0.03922496263540265
2024-07-10,1.2341095757246292,1.5113340210412392,-0.0356314082935284
2024-07-11,1.1939819986720417,1.5049348933130087,-0.06698824704755446
2024-07-12,1.1881037475449348,1.5115428494431864,-0.07158168094730899
2024-07-15,1.1821311694149186,1.5164708188245826,-0.07624882467052219
2024-07-16,1.1899962775850943,1.533161691776889,-0.07010280373454669
2024-07-17,1.2001666820226884,1.5211581691309919,-0.06215535822606422
2024-07-18,1.1950305996399482,1.5071389285240127,-0.0661688401986219
2024-07-19,1.1971383510474838,1.4939855698915931,-0.0645217828412078
2024-07-22,1.1822237269546045,1.5059629897153695,-0.07617649755633837
2024-07-23,1.1783742303504576,1.5001425052272244,-0.07918460452831466
2024-07-24,1.1948849138461428,1.4724679050562435,-0.06628268325321551
2024-07-25,1.213815332981579,1.465478739969378,-0.051489911200268246
2024-07-26,1.207483184327114,1.4813039153789531,-0.05643803363647648
2024-07-29,1.2015165746306913,1.4800865950712234,-0.06110051345462619
2024-07-30,1.2226555512001795,1.4766030186524286,-0.044581911326072476
2024-07-31,1.1998274667730646,1.4968549512761302,-0.06242043074393444
2024-08-01,1.1856495211838038,1.4698466402934054,-0.0734994837633377
2024-08-02,1.2142527572996105,1.431388294595783,-0.05114809530169995
2024-08-05,1.2308517049353673,1.3929752653328789,-0.038177201897923174
2024-08-06,1.2229758217912086,1.4072847749720965,-0.04433164270737677
2024-08-07,1.2300236770102206,1.3983086725228615,-0.03882424664968154
2024-08-08,1.1988358089459432,1.4356388097928023,-0.0631953405906831
2024-08-09,1.1966801407751757,1.4409135125720152,-0.06487984148016757
2024-08-12,1.1979052585698957,1.4382516243681067,-0.06392249932384009
2024-08-13,1.203870054186854,1.4668138887273232,-0.05926143707937481
2024-08-14,1.20252672208766,1.4733347451739338,-0.06031115528120723
2024-08-15,1.2214987691266606,1.503582920152337,-0.04548585399137084
2024-08-16,1.2292072373428546,1.508226828677622,-0.039462236004693785
2024-08-19,1.2256169251505311,1.5225405573134367,-0.04226780884911863
2024-08-20,1.2305690292830496,1.5202743330403292,-0.03839809275404937
2024-08-21,1.2384635316459136,1.5250957227620767,-0.03222910235347787
2024-08-22,1.234371799887356,1.5134579736928016,-0.03542649881750248
2024-08-23,1.2308447742262103,1.5308766024082574,-0.03818261775269072
2024-08-26,1.2221869921489534,1.5279823532121086,-0.044948056797471825
2024-08-27,1.2300364341768542,1.5304481285472473,-0.03881427783405733
2024-08-28,1.2272314264145678,1.5185217706315626,-0.04100619129024574
2024-08-29,1.2377398377879236,1.5253907869827255,-0.03279461747497481
2024-08-30,1.2454959583118381,1.5417265171891565,-0.026733762609343348
2024-09-03,1.190057812784552,1.5068916229421652,-0.07005471836610877
2024-09-04,1.187387412899294,1.5085032058055674,-0.07214144536936318
2024-09-05,1.1924767849969573,1.5013194104889127,-0.06816446415226829
2024-09-06,1.2209593888785886,1.4740209822843444,-0.04590734117570128
2024-09-09,1.2037347763441297,1.4913713488676479,-0.05936714706270474
2024-09-10,1.201942851547062,1.4931047877401469,-0.0607674084551969
2024-09-11,1.1977233485769363,1.5063006340609393,-0.06406464900582809
2024-09-12,1.193699603302739,1.5136666088837376,-0.06720891888249991
2024-09-13,1.189579804043015,1.5233456888508947,-0.07042824809634263
2024-09-16,1.191545378976402,1.5316857632902423,-0.0688922915105663
2024-09-17,1.1897641778865231,1.535505046504058,-0.07028417309092261
2024-09-18,1.1923000849585057,1.532267568730406,-0.06830254262648805
2024-09-19,1.1978406211254298,1.5573973980713474,-0.06397300887543678
2024-09-20,1.1909002793600032,1.5582906654297923,-0.06939639083919491
2024-09-23,1.1927045912427536,1.5632878886363337,-0.06798644982293978
2024-09-24,1.2048968541700296,1.567005534618975,-0.05845906614472118
2024-09-25,1.2048066858364066,1.5615503007952098,-0.05852952626481345
2024-09-26,1.2114262088233214,1.5742517579315516,-0.05335684128916096
2024-09-27,1.2046155114467714,1.574085812771378,-0.05867891541187886
2024-09-30,1.2103595247046033,1.5747191893198547,-0.05419037883039579
2024-10-01,1.195379944790144,1.5646012655258392,-0.06589585188612457
2024-10-02,1.1994793955615204,1.5629973865909008,-0.06269242356425864
2024-10-03,1.2035720413271176,1.558989802808854,-0.05949431286893814
2024-10-04,1.2073105188674267,1.5782834458131154,-0.05657295937522
2024-10-07,1.2087204240734832,1.5669774635486922,-0.05547121903971852
2024-10-08,1.1963877621962347,1.57628436955103,-0.06510831448124044
2024-10-09,1.1961316116549374,1.5896744213527496,-0.06530847785541294
2024-10-10,1.189087136728672,1.5838911192696867,-0.07081323245547777
2024-10-11,1.200996233963921,1.598961981896638,-0.06150712256445845
2024-10-14,1.196923251313919,1.6072239573448814,-0.06468986793771359
2024-10-15,1.196430694649498,1.594212054710344,-0.06507476583182836
2024-10-16,1.1949942360831538,1.605216288660539,-0.06619725572407043
2024-10-17,1.1942654164075335,1.604796641114151,-0.06676677630636818
2024-10-18,1.195467695348396,1.609494026954212,-0.06582728108500002
2024-10-21,1.1942213697135362,1.6022782261364632,-0.06680119565542353
2024-10-22,1.1950294305743416,1.6034662220029505,-0.06616975373999201
2024-10-23,1.1878668785633497,1.5901894042744724,-0.0717667771581183
2024-10-24,1.1913575400658911,1.5944104357433015,-0.06903907421865008
2024-10-25,1.2003255934801074,1.5905129930951516,-0.062031180258879104
2024-10-28,1.1997614329945951,1.5963507017266039,-0.062472031430940156
2024-10-29,1.2020463131631567,1.5938543821655426,-0.060686560583199545
2024-10-30,1.2046690563546776,1.5850914944853967,-0.05863707388625894
2024-10-31,1.207639121905833,1.56362476841745,-0.05631617954333823
2024-11-01,1.2012473690098828,1.5724458361636053,-0.061310878442083716
2024-11-04,1.1993849016184879,1.5674692354454958,-0.06276626383951422
2024-11-05,1.1969659472619532,1.5849681673201776,-0.06465650410026569
2024-11-06,1.2101389328531806,1.6336297322201148,-0.05436275562519821
2024-11-07,1.2052631586772289,1.6399333636560827,-0.05817282530461099
2024-11-08,1.2088420488697151,1.648918589909623,-0.05537617793821037
2024-11-11,1.2190320699790984,1.6532414306156145,-0.04741340340018352
2024-11-12,1.2123464655099188,1.641383886802657,-0.05263772633995456
2024-11-13,1.2121144281716079,1.640955489407754,-0.05281904696623585
2024-11-14,1.2071374697603499,1.6331965991021054,-0.05670818490702878
2024-11-15,1.2124132576693492,1.6175088089319654,-0.052585533032331044
2024-11-18,1.2181850326424755,1.6228143278169933,-0.048075302650873786
2024-11-19,1.2130538113856941,1.6218474207170568,-0.05208498600028866
2024-11-20,1.2094478715498886,1.6218626436178787,-0.054902770733214146
2024-11-21,1.209525481756705,1.6354186583244417,-0.054842123893321104
2024-11-22,1.2084635497439835,1.6518918540494967,-0.055671948002736116
2024-11-25,1.2079118645970464,1.6606613838274198,-0.056103050587694825
2024-11-26,1.2009116908566426,1.6601193334264315,-0.06157318697146763
2024-11-27,1.1957284637256773,1.654532231130736,-0.06562350920144366
2024-11-29,1.1932942641686541,1.6632711549897052,-0.06752566249878
2024-12-02,1.1980437119011522,1.6653327355151373,-0.06381430792276244
2024-12-03,1.2008132635701154,1.6611116600953848,-0.06165010087405853
2024-12-04,1.1741814359780978,1.668195518120897,-0.08246097421519061
2024-12-05,1.17084758057453,1.660598721842829,-0.0850661443749019
2024-12-06,1.181465361446072,1.6673260897419677,-0.07676910609924914
2024-12-09,1.1786626776489526,1.6574520991357473,-0.0789592035424519
2024-12-10,1.1737726184531223,1.6492501202219139,-0.08278043594580242
2024-12-11,1.1980508297467207,1.6560004444921324,-0.06380874583423979
2024-12-12,1.2011630547539707,1.6444890139322956,-0.06137676401807646
2024-12-13,1.2392224805894987,1.6485888499849948,-0.03163603789769609
2024-12-16,1.2687027312875296,1.6506315762251524,-0.00859932510651562
2024-12-17,1.2734641723078288,1.6458995677671375,-0.004878598631686049
2024-12-18,1.2581638254245895,1.601314995416455,-0.016834728189911274
2024-12-19,1.2565572495372894,1.5953363398322418,-0.0180901526322631
2024-12-20,1.2488608043798113,1.6115105231141496,-0.024104375456281968
2024-12-23,1.2448140415656048,1.6233699521683502,-0.02726663189839318
2024-12-24,1.2274057302401609,1.6421147822080189,-0.0408699852854284
2024-12-26,1.2272951690790173,1.6429449570590997,-0.040956380945398
2024-12-27,1.227674092803886,1.629845999272107,-0.04066027908693748
2024-12-30,1.2270602557574841,1.6100184832438464,-0.041139948947394034
2024-12-31,1.2270602557574841,1.607972870312161,-0.041139948947394034
2025-01-02,1.2270602557574841,1.6054872006021828,-0.041139948947394034
2025-01-03,1.228912437436173,1.621840046104094,-0.03969260110065764
2025-01-06,1.220630711396123,1.6299000798189476,-0.046164179180304576
2025-01-07,1.2245041288502516,1.6223172324416681,-0.043137379770587736
2025-01-08,1.2144327988726045,1.6187132187877715,-0.05100740565662132
2025-01-10,1.2344702468907642,1.595406731870117,-0.03534956950757573
2025-01-13,1.2259721559434917,1.6016509279455213,-0.04199022132668406
2025-01-14,1.2211398137598921,1.6049173239026293,-0.0457663520025241
2025-01-15,1.1986000412312807,1.6351092685088708,-0.06337957623995705
2025-01-16,1.1949105458759328,1.6338293408945015,-0.06626265365053086
2025-01-17,1.1956839005714988,1.6505483821798408,-0.06565833212728633
2025-01-21,1.2017007162678304,1.6694239710248826,-0.06095661990191792
2025-01-22,1.2012680752960916,1.672946651520497,-0.061294697956603805
2025-01-23,1.2082677515825664,1.6870883917584423,-0.05582495029758794
2025-01-24,1.2080600036028015,1.6802446088570355,-0.05598729052297524
2025-01-27,1.1859358516351215,1.6754647771450741,-0.07327573694252743
2025-01-28,1.1765496586666453,1.6729193956724657,-0.08061037713375974
2025-01-29,1.1769312143667001,1.6745353742124234,-0.08031221857445725
2025-01-30,1.1723058635356007,1.6953007921296812,-0.08392660027513943
2025-01-31,1.1716592701724349,1.6846802414637367,-0.08443186686030213
2025-02-03,1.18119721650331,1.6774715086770873,-0.0769786422424823
2025-02-04,1.182906211745833,1.6830376287640376,-0.07564318438064921
2025-02-05,1.1866035612905153,1.687749208001056,-0.07275396948143076
2025-02-06,1.1797767248039217,1.6872038741553672,-0.07808865516727914
2025-02-07,1.1902638233526885,1.6738334295801478,-0.06989373580396163
2025-02-10,1.1925406504699283,1.6849662421262215,-0.06811455784132225
2025-02-11,1.1931494206166307,1.687424379217429,-0.06763884740150683
2025-02-12,1.2038502602705574,1.6876925519337438,-0.05927690461285717
2025-02-13,1.2082897376591433,1.7024198791524334,-0.055807769747236
2025-02-14,1.2034879013523074,1.7032063558823143,-0.05956006225668298
2025-02-18,1.2223055340765285,1.715957053129469,-0.044855424737886174
2025-02-19,1.2073195166372879,1.7197809673690239,-0.05656592825997686
2025-02-20,1.2139576684979936,1.710730573087808,-0.05137868614844587
2025-02-21,1.2162612757607287,1.6809068607678574,-0.04957858141260485
2025-02-24,1.2203509858635857,1.6763952532198532,-0.04638276472828484
2025-02-25,1.2146603402885177,1.6701597302161577,-0.050829598272953413
2025-02-26,1.2125220472057612,1.668784409922824,-0.05250052177070097
2025-02-27,1.2179726890502542,1.648633718839999,-0.04824123401954339
2025-02-28,1.2070788449045473,1.6764052303254886,-0.05675399604952491
2025-03-03,1.2214437160730534,1.648739139395113,-0.04552887402526462
2025-03-04,1.2184641934862745,1.6204035612632393,-0.047857158366857555
2025-03-05,1.2132211708811662,1.640147821486674,-0.05195420649405047
2025-03-06,1.229605186874123,1.6108891283598508,-0.03915126683583858
2025-03-07,1.2296629271367439,1.6205120523098906,-0.03910614693980674
2025-03-10,1.2556671570215328,1.5776463544495896,-0.01878569643387784
2025-03-11,1.255065615632616,1.5654474945788865,-0.019255758115185317
2025-03-12,1.2478668338737586,1.5763189431130533,-0.024881092496628177
2025-03-13,1.2688154394153113,1.5552825513394424,-0.008511251745283666
2025-03-14,1.2480542102113084,1.5877039759847131,-0.024734671256313345
2025-03-17,1.2466927394083114,1.605725809254056,-0.025798563561147625
2025-03-18,1.2501506777038784,1.5926000055535336,-0.0230964314734472
2025-03-19,1.2349267376032365,1.610321107408104,-0.03499285458195378
2025-03-20,1.2298965502105916,1.608289040485747,-0.0389235871743302
2025-03-21,1.2388287490241867,1.6068657181643604,-0.03194371102706739
2025-03-24,1.2385489028453571,1.6340097112178995,-0.03216239085151806
2025-03-25,1.2615566072723114,1.6342569419413124,-0.014183511217922606
2025-03-26,1.2457122127088405,1.6185044579250063,-0.026564775225735193
2025-03-27,1.242091937612912,1.6083858504088833,-0.02939376194176524
2025-03-28,1.2385394874215072,1.575898734623675,-0.03216974833355779
2025-03-31,1.2292151213840417,1.5860765565523554,-0.039456075188955886
2025-04-01,1.2306871786593976,1.5847932662866244,-0.038305767445243055
2025-04-02,1.2228174165451786,1.5962683202022427,-0.0444554251064746
2025-04-03,1.2601635428437121,1.5091233665135562,-0.015272091687266953
2025-04-04,1.3311094767127436,1.4152468825431512,0.0
2025-04-07,1.3330556073150555,1.4119116062291461,0.0
2025-04-08,1.3588436585290065,1.3868086351889657,0.0
2025-04-09,1.2322880706873647,1.522161222063205,-0.0931347672318995
2025-04-10,1.1951622879259096,1.460503290117551,-0.12045636712930419
2025-04-11,1.2036127097495473,1.4801937692752993,-0.1142375341012386
2025-04-14,1.2106157169097582,1.4947817180909932,-0.1090838822324195
2025-04-15,1.2081438837881173,1.491417717979018,-0.11090295325367061
2025-04-16,1.1828366355826017,1.4615715094164619,-0.1295270591592106
2025-04-17,1.1795568742795506,1.4709855065001403,-0.1319407005538369
2025-04-21,1.186291431122934,1.441814557227216,-0.1269846065976905
2025-04-22,1.1906144961428105,1.4792000839267274,-0.12380317730467216
2025-04-23,1.190879883183382,1.5020570992458684,-0.12360787371775417
2025-04-24,1.2178012824961235,1.5334202951722147,-0.10379588199687817
2025-04-25,1.2305620767362837,1.5427228434352276,-0.09440496041435098
2025-04-28,1.224414135633267,1.546082990092226,-0.09892935221205945
2025-04-29,1.2135235358906833,1.5534626234323883,-0.10694396056985467
2025-04-30,1.2016270267065965,1.5521190902897475,-0.11569883763714384
2025-05-01,1.2159894405733709,1.5513593956224534,-0.10512925240441573
2025-05-02,1.2037152217302383,1.5806963576867545,-0.1141620935013965
2025-05-05,1.2066498068023104,1.5708586006418173,-0.11200247414147035
2025-05-06,1.2204370674477403,1.5591039709044856,-0.10185615557208094
2025-05-07,1.206731837216555,1.57035617234301,-0.11194210633261348
2025-05-08,1.2182411910154045,1.580858959668568,-0.10347214459226961
2025-05-09,1.2213401472548497,1.580550941046469,-0.10119156123008943
2025-05-12,1.223162991795836,1.637411899960006,-0.09985009377756471
2025-05-13,1.2351819664766486,1.6459380577285774,-0.09100509192221995
2025-05-14,1.224792972768397,1.641598947375314,-0.09865055845035453
2025-05-15,1.2288754011194374,1.6493190603505026,-0.09564621845478827
2025-05-16,1.2257607335822103,1.6626610670563233,-0.09793836407262846
2025-05-19,1.218476272784588,1.6634307212096475,-0.10329914325564937
2025-05-20,1.2161122823191968,1.660222495418542,-0.10503885072718455
2025-05-21,1.2384060219774564,1.6304545298308655,-0.08863244553234906
2025-05-22,1.2414961581693045,1.6280349282234887,-0.08635835301813499
2025-05-23,1.24087541009022,1.6168257072602243,-0.08681517384162585
2025-05-27,1.2218096569657715,1.6486111221875308,-0.10084603972143402
2025-05-28,1.2288362610802612,1.6390040192473512,-0.09567502238593262
2025-05-29,1.2503497835820967,1.6423300197825188,-0.07984279447155684
2025-05-30,1.2584611148673046,1.642232710404047,-0.07387350489633904
2025-06-02,1.273580110883407,1.64792649460478,-0.06274713585365665
2025-06-03,1.2616479431769336,1.6606350639356797,-0.07152825473483126
2025-06-04,1.2677137792967328,1.6620452277525155,-0.067064285622766
2025-06-05,1.260788527706412,1.6528275239573123,-0.0721607156254771
2025-06-06,1.2400002317727075,1.6717665998100137,-0.08745923492401697
2025-06-09,1.229047890967211,1.6817286081472678,-0.0955192797545994
2025-06-10,1.2215049691143434,1.6973621646660957,-0.10107026555456478
2025-06-11,1.2040604773281942,1.6970194163062684,-0.11390801305896381
2025-06-12,1.2053810171159898,1.7004156791551737,-0.11293620163716633
2025-06-13,1.2219715292425566,1.6782076615971835,-0.10072691470232753
2025-06-16,1.2084216836225146,1.6950944525537623,-0.11069851484557736
2025-06-17,1.2106642779240107,1.6782637435064651,-0.1090481452188583
2025-06-18,1.2236766464587596,1.6772687496215906,-0.09947208512314776
2025-06-20,1.219768231873877,1.6776042796212132,-0.10234836493676047
2025-06-23,1.213589838130617,1.694639409338882,-0.10689516743643024
2025-06-24,1.2126038441712421,1.7180140060709388,-0.10762077994761654
2025-06-25,1.2070859941056806,1.7147029849240534,-0.11168147525345817
2025-06-26,1.2106064143845159,1.7289726477496643,-0.10909072814525422
2025-06-27,1.2073139729473303,1.7420955278006784,-0.11151370110209147
2025-06-30,1.2029923104093525,1.747959351825782,-0.11469409828086352
2025-07-01,1.2000039930820972,1.7584394323243049,-0.11689326027311964
2025-07-02,1.2108168478799648,1.7677682512224644,-0.1089358659621561
2025-07-03,1.2153301050789163,1.779683638403341,-0.10561447047223105
2025-07-07,1.2099402430234136,1.763983551454749,-0.10958097686292012
2025-07-08,1.2148184356009393,1.767445444376671,-0.10599101818967116
2025-07-09,1.218120869342656,1.7723192132456862,-0.1035606916977393
2025-07-10,1.2204637230342696,1.7819802875165267,-0.10183653919725966
2025-07-11,1.2202724345792157,1.7734101093530075,-0.10197731216540296
2025-07-14,1.2010510908469425,1.7733428261994817,-0.11612268025953754
2025-07-15,1.2051201587645115,1.7572910256699998,-0.11312817247195739
2025-07-16,1.2029755222114558,1.7625034140063156,-0.11470645304867755
2025-07-17,1.2024951383502014,1.771645202594182,-0.11505997706024362
2025-07-18,1.1993103461140886,1.7668265543911905,-0.11740372883486683
2025-07-21,1.1963250004901056,1.7675925894978193,-0.11960070389174327
2025-07-22,1.1924350649657371,1.7728485281241446,-0.12246338459820472
2025-07-23,1.19387042434821,1.7912293500639147,-0.12140707515932014
2025-07-24,1.1899820660554974,1.7869329661360391,-0.12426859514972266
2025-07-25,1.1883958040616314,1.7924148544522622,-0.1254359568133766
2025-07-28,1.1788855222303238,1.7956053782638002,-0.1324347618426488
2025-07-29,1.1843205233557397,1.7849199646860872,-0.12843503671510959
2025-07-30,1.1845984320191112,1.7780853786450417,-0.12823051821761566
2025-07-31,1.203852926410152,1.7571497027921672,-0.11406075389617454
2025-08-01,1.2051420207694539,1.7351810504295901,-0.11311208378890314
2025-08-04,1.2034377434045214,1.7544839839305972,-0.11436629530487497
2025-08-05,1.1946883394121208,1.754461436986726,-0.12080515524102986
2025-08-06,1.1892174494777479,1.7610217595580435,-0.12483129165490947
2025-08-07,1.1863650845076728,1.7567929160735145,-0.12693040361099928
2025-08-08,1.1879517221527935,1.7712225240756099,-0.12576276549813625
2025-08-11,1.1907731617464739,1.770138616643968,-0.12368641213991793
2025-08-12,1.1920001279747536,1.794659497398765,-0.12278346335653245
2025-08-13,1.1790565988336439,1.8072404952883492,-0.132308863177084
2025-08-14,1.1761696119781975,1.8122787396658904,-0.1344334540653188
2025-08-15,1.170331875055307,1.812719007449563,-0.13872956045419516
2025-08-18,1.1664395166512846,1.8154748191045853,-0.14159402420584988
2025-08-19,1.1745382300471705,1.8115508889828436,-0.1356340203856511
2025-08-20,1.1616941133458567,1.807143944653588,-0.14508626061998242
2025-08-21,1.1630196659581078,1.8000969537896279,-0.14411076016124225
2025-08-22,1.1765771187129974,1.8324420671438428,-0.13413356177657598
2025-08-25,1.1770354332043986,1.8219213513194774,-0.13379627905201497
2025-08-26,1.1806208398698732,1.8302212519316199,-0.13115770717292485
2025-08-27,1.1803087632923444,1.8355922026830398,-0.13138737051614313
2025-08-28,1.1833428971082838,1.840318302947987,-0.1291544912611272
2025-08-29,1.1783816767259494,1.8340227180563788,-0.1328055517427319
2025-09-02,1.1783800348868676,1.8267845742289892,-0.13280676000467684
2025-09-03,1.1800251427598902,1.8247595638433003,-0.13159609249138582
2025-09-04,1.1764051480423292,1.836231472319934,-0.1342601184040355
2025-09-05,1.1752829316353772,1.8314083037269893,-0.13508597971626835
2025-09-08,1.176417505663757,1.8343980270667648,-0.1342510241853223
2025-09-09,1.1731720896871956,1.8435292550613376,-0.13663939017297
2025-09-10,1.174550835827287,1.8540088402566468,-0.1356247435420368
2025-09-11,1.1702713729610426,1.8697585281967823,-0.13877408514537992
2025-09-12,1.170827410243637,1.8622175542327664,-0.13836488628051835
2025-09-15,1.174490824283879,1.8695425223844913,-0.13566890722711655
2025-09-16,1.1741064136975163,1.8745896683622483,-0.1359518026021289
2025-09-17,1.170349938882932,1.8808469345009846,-0.13871626692516292
2025-09-18,1.175336935170512,1.893615425340344,-0.1350462374436413
2025-09-19,1.1678109512937513,1.8954451251110993,-0.140584758251037
2025-09-22,1.1703366526429324,1.898101341944513,-0.13872604453270154
2025-09-23,1.1769829118315134,1.8938535631984672,-0.13383493057204487
2025-09-24,1.1808874341901276,1.8938644253317698,-0.13096151512494258
2025-09-25,1.1919126390411336,1.8857857469501527,-0.1228478481980636
2025-09-26,1.1982185877897782,1.8970613870141733,-0.1182071754399695
2025-09-29,1.1875233549507802,1.8991242925533978,-0.12607800941845382
2025-09-30,1.1748331008514916,1.9035809063792555,-0.1354170191122005
2025-10-01,1.212855641745513,1.9207537375264225,-0.10743547711848644
2025-10-02,1.2111662624280946,1.9221442965812423,-0.10867872486580066
2025-10-03,1.2157714052260955,1.9260622073281504,-0.10528970894105028
2025-10-06,1.214007299545817,1.9376519443023819,-0.10658794930093696
2025-10-07,1.2050840733905328,1.9312437329078933,-0.11315472841439578
2025-10-08,1.2265685425813666,1.9381014730341901,-0.09734388140783767
2025-10-09,1.2296244419736122,1.932946364512047,-0.09509498443351339
2025-10-10,1.2213461915553308,1.885350454560196,-0.10118711310948114
2025-10-13,1.2007486739924536,1.9132707891443852,-0.11634523482097714
2025-10-14,1.2014621831656593,1.917783390927769,-0.11582014926847273
2025-10-15,1.199612045490849,1.9322300267050752,-0.1171817022795183
2025-10-16,1.1960615727660857,1.9213616123138937,-0.11979456557874935
2025-10-17,1.1856925413776638,1.9317351722289984,-0.12742534143978312
2025-10-20,1.1928922803133644,1.952723268921103,-0.12212691075534765
2025-10-21,1.1874949680564664,1.9618173555976304,-0.12609889989701295
2025-10-22,1.1823144812588688,1.947731336113453,-0.12991132288260177
2025-10-23,1.177179376843271,1.9589265207413018,-0.13369034807314994
2025-10-24,1.1968090931780098,1.9782473688201194,-0.11924445048108367
2025-10-27,1.2010726493142094,1.9962780246791723,-0.11610681495587905
2025-10-28,1.1978252318569926,1.9941664667232093,-0.11849665387283892
2025-10-29,1.2048075263507219,1.9826913486383082,-0.11335824486610468
2025-10-30,1.2020768402437323,1.9696342328457943,-0.11536781093343695
2025-10-31,1.208520947012515,1.9748199806390683,-0.11062546494805803
2025-11-03,1.217655522460929,1.9699169384962165,-0.10390314969782355
2025-11-04,1.2113159071167932,1.9463885768227391,-0.1085685983712924
2025-11-05,1.2103713941881502,1.9634226148181464,-0.10926368416921661
2025-11-06,1.2109982768799314,1.9459673425746529,-0.10880234876256667
2025-11-07,1.216419014539284,1.9489703313557278,-0.10481312040260904
2025-11-10,1.211800706133552,1.9680575404115936,-0.10821182515921901
2025-11-11,1.2079331278191008,1.9831019151668376,-0.11105805275146319
2025-11-12,1.2061599862952608,1.9950087195824022,-0.11236294276784631
2025-11-13,1.2070148674584102,1.9675163372908278,-0.1117338187639304
2025-11-14,1.2106163320426993,1.959253098976829,-0.1090834295438875
2025-11-17,1.2095259287136073,1.9351300385579104,-0.10988587898113356
2025-11-18,1.2101516334210534,1.9238440097952996,-0.10942541047652032
2025-11-19,1.2053236116640493,1.92233770274638,-0.11297844744784524
2025-11-20,1.2120994394200129,1.8887002474024965,-0.10799198140855226
2025-11-21,1.1957306699416292,1.911497334234294,-0.12003808353048684
2025-11-24,1.1849076792609752,1.9312983747582508,-0.12800293703863086
2025-11-25,1.1867752439259405,1.950578638497419,-0.12662855915987847
2025-11-26,1.186846701622074,1.9661610198568564,-0.12657597202398163
2025-11-28,1.1835958564771552,1.9838674853801241,-0.12896833344430725
2025-12-01,1.1730745242409064,1.972990010050199,-0.13671119052003478
2025-12-02,1.184946638722096,1.9797519294403936,-0.12797426599845918
2025-12-03,1.1931608086760226,1.998979886080461,-0.12192929540720021
2025-12-04,1.1799132380257233,1.9959013761813318,-0.13167844540480933
2025-12-05,1.1813109319015453,2.004247493724149,-0.13064985475933721
2025-12-08,1.1853500127883871,1.9954078946444795,-0.12767741502244045
2025-12-09,1.181612971108042,1.991999255055857,-0.13042757811654548
2025-12-10,1.1885448718208729,2.0116330200261943,-0.12532625489269877
2025-12-11,1.1900617350565386,2.021703903432687,-0.12420996515167904
2025-12-12,1.195337324207596,2.011732982475427,-0.12032755445789223
2025-12-15,1.2046389400696007,2.0067895519481964,-0.1134823108541696
2025-12-16,1.19737753731745,1.9941304043005927,-0.11882612116418823
2025-12-17,1.2041131480910576,1.9766402191510768,-0.11386925159988581
2025-12-18,1.2027774914390477,1.9873153081068278,-0.11485218782189088
2025-12-19,1.2045842445259187,2.000483687241309,-0.113522562389612
2025-12-22,1.2112071715802968,2.013527726749696,-0.10864861900929135
2025-12-23,1.2071055985774761,2.012695498333913,-0.11166704793382332
2025-12-24,1.2044755489446286,2.0240853273610497,-0.11360255362378224
2025-12-26,1.2003653641355745,2.0237217551559534,-0.11662732014733024
2025-12-29,1.1981265162490309,2.019864251961462,-0.1182749327129784
2025-12-30,1.1975274529909063,2.0186979887001697,-0.1187157952466219
2025-12-31,1.1975274529909063,2.005273750282799,-0.1187157952466219
2026-01-02,1.1975274529909063,2.019630153158048,-0.1187157952466219
2026-01-05,1.2121973482931332,2.034811160809616,-0.1079199283268708
2026-01-06,1.2155516301869167,2.053242785797449,-0.10545144575146204
2026-01-07,1.2043100027078477,2.039302416495892,-0.11372438238292004
2026-01-08,1.1958516625653282,2.049562354206116,-0.11994904265890494
2026-01-09,1.2043123347340599,2.0615465196006775,-0.1137226661985764
2026-01-12,1.1993872700796715,2.059794116715116,-0.11734711896286276
2026-01-13,1.2061683750938532,2.0551535924371276,-0.11235676928457639
2026-01-14,1.2129272737588574,2.050407375944779,-0.10738276169909666
2026-01-15,1.2152342673944774,2.051463376178286,-0.10568499932508135
2026-01-16,1.2154613172398387,2.051031765633042,-0.10551790884050916
2026-01-20,1.2245632934350072,2.018879185006648,-0.09881958402732083
2026-01-21,1.2300452347851554,2.0494972658591744,-0.09478531465737539
2026-01-22,1.2319155144997287,2.0591462930042166,-0.09340893871976541
2026-01-23,1.220994548402294,2.048838625238758,-0.10144589428039041
2026-01-26,1.217040503528757,2.0527099635031365,-0.10435575432846778
2026-01-27,1.2253946909522961,2.052096278947759,-0.09820774210417504
2026-01-28,1.2130459020182307,2.0551855659060534,-0.10729546081011754
2026-01-29,1.2167809342791025,2.0619226027172206,-0.10454677648765831
2026-01-30,1.2089162899068846,2.054411893623458,-0.11033452427074886
2026-02-02,1.2231127874315781,2.0715665898269906,-0.09988704016498962
2026-02-03,1.23414387562583,2.0502934774753974,-0.09176904356912408
2026-02-04,1.2296284959274315,2.0448232884048894,-0.09509200104849047
2026-02-05,1.2327224592464363,2.0173577751633442,-0.09281509207549343
2026-02-06,1.2336376126143769,2.058363266803722,-0.09214161256061593
2026-02-09,1.2297823490107758,2.0596124871091557,-0.09497877751289197
2026-02-10,1.2333554728243359,2.0520408327468487,-0.09234924482814733
2026-02-11,1.233070586637469,2.0487306876362945,-0.09255889822357566
2026-02-12,1.2354082998315246,2.019533516428281,-0.0908385287172071
2026-02-13,1.2305274002322442,2.0268782402262167,-0.09443047954145722
2026-02-17,1.2222986764032935,2.024418831360674,-0.10048616061801219
2026-02-18,1.2136695953459806,2.037426494706593,-0.10683647251971695
2026-02-19,1.2248463783033738,2.0276513287278046,-0.09861125625790468
2026-02-20,1.2208425486647134,2.0341234060941042,-0.10155775390208155
2026-02-23,1.2163204314503506,2.0041375324845423,-0.10488566965307988
2026-02-24,1.2084733986868512,2.0267041646456407,-0.11066045670400082
2026-02-25,1.1917343529840099,2.044413001115029,-0.12297905244367702
2026-02-26,1.1759085904419986,2.039569330278106,-0.13462554499098245
2026-02-27,1.2079680924994791,2.036261503928259,-0.11103232154967346
2026-03-02,1.1966432548368213,2.028895721527198,-0.11936649420564871
2026-03-03,1.198818317757562,2.010328656268171,-0.11776582226146404
2026-03-04,1.189648980167484,2.0260708402424767,-0.12451371966123115
2026-03-05,1.2004404570758285,2.0123893025659685,-0.1165720577631828
2026-03-06,1.211958890293509,1.990533973129983,-0.1080954142984375
2026-03-09,1.2112548461181625,1.9990573491420809,-0.10861353437128585
2026-03-10,1.2066459910753382,1.9946153218468246,-0.11200528221063144
2026-03-11,1.2164417089592083,1.9973759152939956,-0.10479641912885918
2026-03-12,1.2194492167369222,1.9648258350837575,-0.10258313450348178
2026-03-13,1.2176602909486938,1.95439078692844,-0.10389964047309785
2026-03-16,1.2115644612041618,1.9712679193921125,-0.10838568248850589
2026-03-17,1.2070353710310844,1.9776132557390014,-0.11171872977812591
2026-03-18,1.2182450784439829,1.9498562808507536,-0.10346928375647435
2026-03-19,1.2224930296170764,1.944830668314094,-0.10034313223313285
2026-03-20,1.228302877371643,1.9239884424623686,-0.09606755003638778
2026-03-23,1.2242962255920924,1.9437729055148107,-0.09901612455002085
2026-03-24,1.2319221827610676,1.9378122205513446,-0.0934040314139859
2026-03-25,1.2257015446521358,1.9511342172119055,-0.09798192238024017
2026-03-26,1.2159379930452971,1.9259963462333634,-0.10516711366074993
2026-03-27,1.2477371041993284,1.8927726154334101,-0.08176551704995605
2026-03-30,1.2408278294637978,1.891548504710326,-0.08685018936833744
2026-03-31,1.1980757837067708,1.9408565855822106,-0.11831226779707105
2026-04-01,1.205762472170179,1.9479473471916366,-0.1126554812969014
2026-04-02,1.1981710712456712,1.9491629851574641,-0.1182421438072343
2026-04-06,1.1948607132949476,1.959774204082935,-0.12067830188174544
2026-04-07,1.202385820426497,1.956922180480666,-0.11514042628854027
2026-04-08,1.2329794525810294,2.005444221339371,-0.09262596558328817
2026-04-09,1.2432718676838135,2.016480381585947,-0.08505157316648426
2026-04-10,1.2453170056918355,2.0048156137304733,-0.08354651554253667
2026-04-13,1.254957687944054,2.032635291195506,-0.07645174625711715
2026-04-14,1.2748713346969562,2.0526597442251395,-0.06179689863876836
2026-04-15,1.2781296211622188,2.0679943656303528,-0.059399061003208575
2026-04-16,1.278750341849187,2.0762807954793967,-0.058942260338119445
2026-04-17,1.2840386775017292,2.095753028116983,-0.055050469241072375
2026-04-20,1.2841431843527706,2.0909902930733537,-0.054973560576572544
2026-04-21,1.2872050422395627,2.0821069414232944,-0.05272027862792916
2026-04-22,1.299718551964031,2.097724236778129,-0.043511338625210394
2026-04-23,1.2984277365280597,2.086565457416729,-0.04446127530693933
2026-04-24,1.3082362411092492,2.1043378915623303,-0.03724300224099475
2026-04-27,1.3140646118895463,2.1026563845454915,-0.03295378858222364
2026-04-28,1.2996139174293488,2.100660031689489,-0.043588341254633955
2026-04-29,1.318253955810982,2.113054799651346,-0.029870767297809797
2026-04-30,1.3258236546648068,2.140353422382014,-0.024300075771737317
2026-05-01,1.3333348478701217,2.144129442515712,-0.018772439712820943
2026-05-04,1.3205539983595953,2.1299976799860154,-0.028178120366592396
2026-05-05,1.3544779825589306,2.1492021341206105,-0.0032127875364277303
2026-05-06,1.3648242886890691,2.181818822052713,0.0
2026-05-07,1.3547197815113186,2.1746235866388246,-0.00740352238855313
2026-05-08,1.3960040130868605,2.1905130393932346,0.0
2026-05-11,1.4241302736515296,2.190263135095216,0.0
2026-05-12,1.3942635785337845,2.1886584302967167,-0.020971884152961362
2026-05-13,1.4019623603380014,2.19670078280371,-0.015565930816630047
2026-05-14,1.4168638238963371,2.2083974396066144,-0.005102377141777192
2026-05-15,1.3919369318188324,2.187724930275768,-0.022605615812205215
2026-05-18,1.3977400174609247,2.193900961341485,-0.01853078800364183
2026-05-19,1.3982059744610795,2.184505568708767,-0.018203600941632314
2026-05-20,1.383853599491029,2.2098283021134404,-0.028281593970493568
2026-05-21,1.3853031089720296,2.2179861172493256,-0.0272637731237505
2026-05-22,1.3769507635697469,2.2367469164724545,-0.03312864767688173
2026-05-26,1.388211553130914,2.2434381827469765,-0.025221513217690728
2026-05-27,1.3918955148460068,2.252460930478235,-0.02263469810445884
2026-05-28,1.4070773195502448,2.2675207001246025,-0.011974293656127566
2026-05-29,1.4351293129257188,2.279419906405963,0.0
